isbn,book_title,author,genre,publisher,price,rating,copies_sold
441312844-3,"Farmer's Daughter, The",Serge Salzburg,Fantasy,Livetube,12.34,0.9,19817691
482186373-1,In the Soup,Hannah Jaskowicz,Thriller,Ooba,15.01,4,11728609
064688276-7,Paheli,Damon Mithon,Romance,Yacero,8.89,0.1,16372620
686593840-2,Flight from Death: The Quest for Immortality,Mort Vondracek,Romance,Livetube,29.72,4.5,1662219
415821309-6,The Puzzle,Rici Curman,Romance,Browsetype,24.69,5,9078239
538969375-2,Priest,Gianni Hindmoor,Romance,Katz,36.06,4.6,5848946
022480206-2,West Side Story,Kippie Kenworthey,Fantasy,Brainlounge,44.9,3.9,13860844
745482476-5,"Forest for the Trees, The (Der Wald vor lauter Bäumen)",Geoff Shapcott,Mystery,Photospace,4.4,0.9,19463610
913030366-4,High on Crack Street: Lost Lives in Lowell,Dede Dell Casa,Romance,Agimba,25.18,3.9,5351548
790289743-4,Krull,Brad Monck,Romance,Rhyzio,14.8,4.7,19177840
917653738-2,Hannah Arendt,Padgett Junkison,Romance,Riffwire,11.51,4.2,5454613
717141804-9,G.B.F.,Reeta Whyard,Thriller,Podcat,23.5,2.6,10611495
374964934-0,"Boeing, Boeing",Hadley Ramalhete,Nonfiction,Oba,5.25,2.4,2547353
817838603-8,Zatoichi Meets the One-Armed Swordsman (Shin zatô Ichi: Yabure! Tôjin-ken) (Zatôichi 22),Luther Lackham,Mystery,Quamba,3.65,1.1,6475573
327315700-3,"Stooge, The",Thelma Clink,Nonfiction,Skiptube,40.61,2.6,2707360
685605525-0,Dolemite,Lucius Thirsk,Historical,Centimia,46.91,1.4,10244526
475835410-3,"Rat Savior, The (Izbavitelj)",Gray Champness,Science Fiction,Eire,2.45,5,2503796
566838218-4,Yesterday,Gabie Kofax,Mystery,Tagfeed,34.14,3,5984614
939925676-6,Strangers on a Train,Judye Gilbanks,Science Fiction,Divanoodle,47.12,3.7,1232710
580418118-1,Red Army,Mariette Seller,Nonfiction,Flipbug,22.54,2.6,3203853
447727269-3,"Package, The",Marena Coronado,Nonfiction,Babbleset,31.29,4.2,2089795
620101299-0,Naan Kadavul,Tedd Gleadhell,Thriller,Topdrive,6.7,4,6976815
413835544-8,"Dispatch from Reuter's, A",Ina Fidell,Nonfiction,Photobug,30.63,5,17407343
307942784-X,"Last Letter, The (La dernière lettre)",Rosa Glaisner,Fantasy,Agivu,29.68,0.9,5868193
976178113-5,Rockabilly Vampire,Beckie Soars,Fantasy,Tanoodle,5.88,0.9,4378537
694089683-X,Nicky's Family,Moises Ballay,Historical,Buzzbean,47.46,1.9,12090502
698266380-9,Storage 24,Merline Goodall,Romance,Centizu,27,2.9,9979214
581500525-8,Nick the Sting,Laurel Penhalurick,Nonfiction,Plambee,30.58,1.9,5958279
485776206-4,"Kid, The",Mortimer Hiscoe,Fantasy,Wikido,7.71,3.3,17375137
074076939-1,"Joker Is Wild, The (All the Way)",Maryjane Markussen,Science Fiction,Ooba,42.42,2.6,9195470
783414282-8,"People That Time Forgot, The",Tremaine Offen,Science Fiction,Linklinks,17.17,4.9,10058439
255277977-8,Burden of Dreams,Davida Simcoe,Thriller,Dynazzy,26.12,3.6,5266592
299841407-9,Keep the Lights On,Tiebout Belderfield,Historical,Topdrive,25.65,4.2,13930061
431655501-4,"Inconvenient Truth, An",Courtney Gorgen,Mystery,Zooxo,44.09,0.4,74582
613696970-X,Hitch,Gardy Dunbleton,Science Fiction,Voomm,24.25,2.3,18070450
481932694-5,Ernest & Célestine (Ernest et Célestine),Augusta Keal,Historical,Trudeo,26.19,4.5,3711430
356405408-1,My Demon Lover,Brnaba Pawlicki,Nonfiction,Skajo,39.76,3.3,2492723
216807927-7,The Boy Next Door,Fredi Dryburgh,Nonfiction,Snaptags,37.27,2,164597
868828326-5,Three Colors: Red (Trois couleurs: Rouge),Camellia Joy,Historical,Flashpoint,22.53,1.6,6217352
342968988-0,Fear Me Not (Den du frygter),Filmore Dymock,Fantasy,Yakidoo,34.97,2.1,518547
643129946-9,Executive Target,Elisa Orrum,Thriller,Photobug,8.17,0.2,452433
544076791-6,Babylon 5: The Legend of the Rangers: To Live and Die in Starlight,Antoinette Crosby,Mystery,Wikivu,43.18,2.2,19221503
880126465-8,Facing the Giants,Johan Heddy,Historical,Zoomcast,41.2,0.8,16150498
467085435-6,We Live Again,Andres Giorgielli,Science Fiction,Leexo,12.65,3.7,1700155
247240609-6,Little Voice,Scot Chape,Mystery,Devpoint,0.99,4.3,12967146
394054382-9,Underworld: Evolution,Lane Bundock,Thriller,Oyoyo,29.81,3.1,7205826
173238474-6,Farmer & Chase,Colas Lunny,Science Fiction,Livefish,14.3,3.5,4252528
881729169-2,Gulliver's Travels,Oralla Christer,Fantasy,Skyndu,41.66,3,9283007
164934047-8,"Overcoat, The (Il cappotto)",Marley Bigby,Mystery,Avaveo,44.11,4.2,18605560
058912398-X,Hum Dil De Chuke Sanam,Pammy Curlis,Thriller,Fadeo,40.69,3.6,10583388
190994158-1,"Paris, France",Adlai Pinner,Historical,Brainverse,22.21,3.7,9809383
376876268-8,The Anderssons in Greece: All Inclusive,Sarina Christer,Nonfiction,Vinder,34.74,1.9,19166142
087467291-0,"Month by the Lake, A",Taryn Hellwig,Science Fiction,Meevee,41.53,3.7,8177900
539545927-8,Graduation Day,Ruy Ciccerale,Romance,Tambee,35.52,0.4,2407916
217503762-2,Soapdish,Chev Chowne,Historical,Brainbox,31.37,0.7,14052361
632106139-5,Bad News Bears,Belinda Aspling,Fantasy,Riffwire,44.16,2,6294108
680070533-0,"Little Princess, The",Rick Ollerhad,Mystery,Zoomlounge,47.08,1.6,10733732
307018588-6,"Ernest Film Festival, The",Giustino Jaslem,Fantasy,Eimbee,10.32,1.1,18404539
942140000-3,First a Girl,Tad Rodda,Fantasy,Eire,35.49,2.2,5856732
908963015-5,"Escapist, The",Joella Oganesian,Nonfiction,Jamia,16.42,1.1,16978204
483249694-8,Tipping the Velvet,Sharla Glass,Nonfiction,Kwilith,18.36,1.7,6569583
300182975-3,"Angel Levine, The",Cordy Theuff,Historical,Gabtune,33.62,3.2,4513447
725114090-X,Mondo Hollywood,Tina Shilburne,Mystery,Aivee,10.95,4.1,2184070
663430307-X,Mo' Better Blues,Mala Sparshott,Thriller,Layo,9.3,4.4,19298434
947243754-0,"Curse of the Cat People, The",Wash Roth,Science Fiction,Livetube,21.78,0.6,14779578
972991029-4,Slim Susie (Smala Sussie),Hilliary Greensitt,Thriller,Kaymbo,43.81,4.7,7944987
366810828-5,Riders of Destiny,Helena Ploughwright,Historical,Buzzbean,22.52,4.5,13202095
804200082-0,Cop Land,Murial Bengochea,Mystery,Dynabox,1.85,0.8,13779075
005403479-5,Wishmaster 3: Beyond the Gates of Hell,Pooh Akker,Thriller,Gabspot,21.28,0.5,8503953
215853125-8,"Moment to Remember, A (Nae meorisokui jiwoogae)",Lulita Giorgioni,Mystery,Buzzdog,34.57,0.8,9096096
995668730-8,Steamboat Willie,Birk Boxall,Nonfiction,Wikibox,44.36,0.4,8782678
586287357-0,Eichmann,Bee Metts,Science Fiction,Yozio,43.99,1.5,4181371
679575819-2,Run All Night,Marleen Toombes,Mystery,Agivu,48.81,1.7,3977601
683303516-4,Yes Or No,Lyndsay Southey,Historical,Quimm,40.16,4.1,16716226
084516385-X,Prison of the Dead,Fancie Beardshaw,Romance,Edgepulse,34.82,2.8,16712993
407912064-8,Confessions (Kokuhaku),Orton Bertome,Thriller,Gabcube,28.7,4.7,6280560
367930980-5,Julia,Domeniga Dael,Romance,Twitterbeat,1.91,4.4,7789104
972596939-1,"Eleventh Hour, The",Puff Demsey,Nonfiction,Camido,9.64,4.1,16090569
387051486-8,Alien Escape,Torey Oguz,Mystery,Zoombeat,7.27,2.9,17542814
599951317-0,Saludos Amigos,Cindie Flinn,Historical,Kamba,5.81,1.4,5370928
849319918-4,"Yellow Cab Man, The",Bone Bossom,Historical,Geba,14.35,0.1,16544510
910749144-1,We're Not Married!,Eveline Delahunty,Romance,Youbridge,42.39,1.3,13854207
241119665-2,"Painted Veil, The",Portia Linay,Historical,Devify,28.42,1.4,9217609
232447576-6,"Winning Team, The",Cora Absolem,Mystery,Twitterbridge,43.1,4.7,15509242
417105546-6,"Man, The",Willi Dodimead,Science Fiction,Mudo,32.4,2.2,6219604
881125707-7,Wasabi,Lillian Stones,Mystery,Skynoodle,37.7,2.8,6436944
426309094-2,Shoot to Kill,Pepi Concannon,Nonfiction,Thoughtblab,10.07,0.9,3866391
904576747-3,Off the Charts: The Song-Poem Story,Cam Osbaldeston,Science Fiction,Mymm,21.55,3.5,19406028
311405319-X,Street Scene,Benedict Oliffe,Science Fiction,Quatz,34.7,0.9,16442396
813158489-5,Timbuktu,Kerstin Lude,Mystery,Voolia,29.83,1.8,3176490
351573694-8,"Walk on the Moon, A",Kaleb Gorbell,Thriller,Youspan,40.88,2.3,6923185
790702437-4,Devour,Fabe Breitling,Romance,LiveZ,36.56,4.1,11040742
322727911-8,When Love Is Not Enough: The Lois Wilson Story,Devondra Garbert,Thriller,Vimbo,17.27,2.8,17339241
943783526-8,"Septième juré, Le",Rube Palatino,Romance,Wordpedia,24.41,2.7,9340346
724979009-9,"Wrong Box, The",Beaufort Masser,Fantasy,Katz,47.12,2.7,10364090
541291409-8,The Incident,Channa Erat,Historical,Teklist,14.14,0.9,15114654
578558197-3,Willow,Donnie Moulden,Science Fiction,Eabox,19.22,4.3,19550643
273196405-7,Ship of Fools,Gena Bernath,Historical,Meetz,13.63,3.6,12272888
445253549-6,Kumaré,Timmi Bigly,Thriller,Skiptube,30.02,1.3,15809978
895333913-8,Our Nixon,Ame Duiged,Nonfiction,Realcube,37.83,3,11763658
236809342-7,Citizen X,Manolo Hanning,Mystery,Thoughtbridge,28.03,1.6,14252320
076208632-7,"Good Son, The",Winston Lount,Fantasy,Katz,21.68,2.3,17845532
224084133-8,Gamera vs. Viras ,Romonda Hachard,Fantasy,Vidoo,38.64,1.7,16392282
207644018-6,Green Street Hooligans (a.k.a. Hooligans),Janel Vasilyonok,Romance,Brightdog,35.09,0.3,6294307
118148024-8,Castle of Blood,Daisie Boynton,Nonfiction,Kayveo,28.9,1.8,16581572
817453892-5,Gappa: The Triphibian Monsters (AKA Monster from a Prehistoric Planet) (Daikyojû Gappa),Ardith Kyles,Thriller,Trunyx,41.62,2.3,18535958
285494995-1,Clash by Night,Alessandro Hurburt,Mystery,Dazzlesphere,37.96,0.5,3853490
781403806-5,Popcorn,Marten Diben,Fantasy,Voolith,37,2.3,8033269
594412989-1,"Four Times, The (Le Quattro Volte)",Julian Allon,Historical,Yambee,30.3,1.4,14689888
604405472-1,Johnny Was,Jaquelin Serjent,Nonfiction,Flipopia,22.37,1,13304757
285934714-3,"Nazis Strike, The (Why We Fight, 2)",Heda Pye,Mystery,Shufflebeat,38.94,1.3,709285
958679710-4,"Double Hour, The (La doppia ora)",Ingra Wesker,Romance,Gevee,16.95,1.4,14178605
898587045-9,Cat and Dog,Carey Wallwork,Historical,Voomm,31.15,3.9,5758962
806373855-1,"Scarlet Letter, The",Charmion Want,Science Fiction,Jabberstorm,33.38,2.8,13327391
095370876-4,Capote,Hannis Binnie,Thriller,Flashset,11.61,0.9,502130
280518263-4,"Bourne Identity, The",Augustina Sauven,Mystery,Quinu,9.29,1.6,15014507
690225870-8,"American Werewolf in Paris, An",Kinsley Rawlins,Science Fiction,Zooveo,1.36,2,9060807
925178498-1,Jersey Girl,Bartram Aron,Romance,BlogXS,40.29,3.3,13499696
095159810-4,Critters,Kamillah McLinden,Fantasy,Mudo,4.15,0.7,15067710
127870068-4,Chilly Scenes of Winter (Head Over Heels),Shalom Lightbowne,Romance,Babbleset,1.1,0.8,7868007
473830591-3,Death Becomes Her,Gerhard Tyndall,Fantasy,Dynava,9.85,1.8,16631658
648472465-2,Saint Jack,Reagan Pocklington,Mystery,Skyndu,48.18,2.6,17966291
465883435-9,Tormented,Lee Jarrel,Historical,Trudeo,49.64,0.1,15050231
256870735-6,G. I. Blues,Maribel Pele,Mystery,Dabshots,12.32,0.7,3389046
364749802-5,Man of Her Dreams (a.k.a. The Fiancé),Casar Menichino,Historical,Trudoo,2.24,0.6,9152310
553743483-0,Fellini's Roma (Roma),Madelin Persence,Romance,Fliptune,31.56,2.4,7020079
656380357-1,Tomboy,Baily Guinane,Fantasy,Avamm,7.79,1.2,2818731
596138847-6,"Disappeared, The",Vikki Arton,Fantasy,Jayo,35.12,2.1,11124204
181982903-0,Nicht alle waren Mörder,Pall Pinn,Mystery,Wikizz,10.39,3.8,6150442
001863197-5,Shadow People,Mata Channon,Mystery,Bubblebox,32.13,4.8,4875234
704489478-X,Prizzi's Honor,Che Revan,Mystery,Tagchat,2.46,2.9,17480541
174891081-7,Mr. Wonderful,Artie Starrs,Science Fiction,Innotype,1.96,4.2,992097
037847850-8,"Man Without a Past, The (Mies vailla menneisyyttä)",Ky Fulstow,Romance,Oyoyo,3.95,0.9,3447990
865233088-3,Anatomy of a Murder,Emmi Doggrell,Fantasy,Aimbo,35.96,4.7,17030231
332026547-4,Ju-on: White Ghost,Giuditta Attenborrow,Thriller,Meevee,48.02,1.6,218854
226281023-0,Zigeunerweisen (Tsigoineruwaizen),Marcy Caldes,Thriller,Tazzy,48.86,3.1,8227724
101740124-1,In the Good Old Summertime,Wanids Phillott,Science Fiction,Lazzy,20.5,1,19438863
425890756-1,"Bad and the Beautiful, The",Kariotta Shingler,Romance,Eimbee,15.85,4.5,7482979
045022512-7,"Long, Hot Summer, The",Valentia Hambly,Romance,Leenti,28.01,0.4,16010013
406865116-7,Hi Tessa (Czesc Tereska),Wendie Melmar,Science Fiction,Realcube,32.71,3.2,7594539
235679485-9,"Story of Ruth, The",Kincaid MacDermott,Fantasy,Brainsphere,41.03,3.9,4778399
913853438-X,WolfCop,Camey Montgomery,Mystery,Wikibox,26.66,1.2,10091197
456312517-2,Two Can Play That Game,Toby Bisiker,Science Fiction,Roodel,25.61,3.8,5190020
276430663-6,"Railway Man, The",Wilma Yare,Thriller,Skyba,11.12,3.1,9064242
737111782-4,Shakedown,Casar Joinsey,Science Fiction,Realcube,42.21,2.3,3933032
787159864-3,I-See-You.Com,Shelby Cradduck,Historical,Voonix,11.3,2.2,11812235
225786966-4,Nobody Else But You (Poupoupidou),Elaina Coyett,Mystery,Aimbu,42.48,3.2,4199505
869396520-4,"Tin Drum, The (Blechtrommel, Die)",Claudette Piwall,Fantasy,Bluezoom,21.6,3.8,6040152
016127900-7,This Is England,Elspeth Elvidge,Mystery,Gigazoom,23.24,3.4,434770
762717741-3,"Wszystko, co kocham",Phyllys Sacase,Mystery,Quamba,33.46,2.7,16090250
725595355-7,Super Capers,Huberto Goneau,Fantasy,Youtags,36.25,3.7,14810744
870367777-X,Mostly Martha (Bella Martha),Matty Gahagan,Science Fiction,Jatri,20.2,1.5,13983368
299430191-1,"Sheriff and the Satellite Kid, The",Shawna Kluss,Historical,Kazu,1.99,3.7,7439459
371259136-5,License to Wed,Jerri Chapple,Nonfiction,Myworks,10.97,4.1,10769200
074240310-6,City of Fear,Laetitia Leaburn,Fantasy,Trilith,38.2,3.5,5649007
451660776-X,Maximum Conviction,Jerald Tippett,Thriller,Livepath,43.26,1.1,16140574
573478693-4,Romanzo Criminale,Rodney Azemar,Romance,Kare,26.39,1.7,12355250
091740327-4,The Girl from Nagasaki,Margy Caygill,Nonfiction,Shufflebeat,15.44,4.5,16510437
196302618-7,Midnight Man,Duke Ferraretto,Romance,Photolist,42.52,0.1,16910196
116471683-2,Mutant Aliens,Sig Redmond,Historical,Zoombeat,32.4,3.3,12071452
217778595-2,Team America: World Police,Monica Antonin,Nonfiction,Vipe,8.1,4.3,7786221
830967822-3,Sittin' on a Backyard Fence,Emmalyn Caldecutt,Nonfiction,Cogilith,22.56,4.5,19514693
285690711-3,"China Syndrome, The",Martina Ebbitt,Mystery,Skyvu,39.2,4,17313270
750427380-5,"Missionary, The",Dore Lockhurst,Fantasy,Skiba,18.63,1.2,8114240
079605973-X,Boris and Natasha,Korie Connaughton,Romance,Yakijo,6.7,0.3,19555535
587129101-5,The Fountain,Micheline Gunton,Nonfiction,Zooveo,44.46,4.3,12944249
550784812-2,Monster's Ball,Reinaldo Oggers,Science Fiction,Jaxspan,12.7,3.9,14361476
660060494-8,...And God Spoke,Dionne Simonaitis,Historical,Quaxo,31.26,0.3,5321016
473037427-4,Blow,Kennie Giannotti,Romance,Topicshots,23.3,4.7,4914603
488562549-1,"Croods, The",Roley Paolini,Science Fiction,Skyble,19.76,3,16055080
461412163-2,"Last Temptation of Christ, The",Patsy Normadell,Mystery,Photobug,35.74,4.9,4525013
388295258-X,Bombshell,Collie Olivet,Romance,Dabtype,37.67,4.8,6016448
755018369-4,Airborne,Pen Bridgeman,Historical,Viva,39.7,4.8,19412238
959524139-3,Ong-Bak 3: The Final Battle (Ong Bak 3),Kara-lynn Parkyn,Historical,Linkbridge,42.05,0.6,11679138
187599664-8,"Front Page, The",Dode Umney,Science Fiction,Dynazzy,21.82,2.5,11791785
118735859-2,Snowbeast,Doy Tyre,Thriller,Brainbox,14.47,3,17039977
956215408-4,Star Trek III: The Search for Spock,Hayden Shafe,Science Fiction,Dabvine,25.54,1.4,13458969
280103223-9,Shouting Fire: Stories from the Edge of Free Speech,Otho Hair,Historical,Topiczoom,36.1,0,865987
076549828-6,Starship Troopers 2: Hero of the Federation,Alameda Luckey,Nonfiction,Wordware,21.49,3.4,7370247
597480215-2,Original Sin,Fabe Shoubridge,Fantasy,Pixonyx,41.28,4.9,13474784
931816939-6,Late Phases,Morna Banthorpe,Historical,Mynte,16.34,1.3,3589089
119536361-3,Mega Shark vs. Crocosaurus,Claudianus Martin,Nonfiction,Blogpad,40.76,4.9,12649207
301855453-1,"Scout, The",Mollee Kinforth,Nonfiction,Oloo,29.36,4,3912874
331291191-5,Meek's Cutoff,Tandy Zima,Fantasy,Kanoodle,14.23,2.2,1907162
203965834-3,Battlestar Galactica: The Plan,Shara Fletham,Historical,Vimbo,33.21,2,664294
681450627-0,Breathless,Colly Orriss,Thriller,Tagopia,43.1,1.9,2841450
077654139-0,Beautiful Kate,Didi Jenkyn,Mystery,Topicblab,44.09,4.6,4140509
573845424-3,Oliver Twist,Dolly Vannuccini,Nonfiction,Ozu,30.47,3.6,1822201
249387395-5,Doomsday Book,Darsey Webberley,Fantasy,Zoonder,47.6,2.6,16040966
937582632-5,Ferris Bueller's Day Off,Jordanna Lavrinov,Fantasy,Browsezoom,48.73,0.6,18985032
507092143-6,Clash of the Titans,Horton Burbudge,Mystery,Skilith,9.59,1.5,12147253
385377061-4,"Horse Soldiers, The",Barbaraanne Goldie,Science Fiction,Leexo,27.81,1.6,1547785
552262932-0,"Brothers, The",Maryjane O'Regan,Thriller,Quatz,46.33,1.2,4644135
092725780-7,"Iceberg, L'",Artair Rome,Mystery,Devcast,25.94,0.4,19535204
133937088-3,Naked Souls,Pinchas Leneham,Thriller,Leenti,41.22,2,16708038
993662100-X,Sense and Sensibility,Morry Killigrew,Mystery,Reallinks,36.06,2.8,14321880
037997382-0,"Chaperone, The",Aline Housecraft,Mystery,Cogilith,23.65,3.8,19256493
462565722-9,Odd Girl Out,Chick Duiged,Thriller,Meejo,28.16,3.6,18582386
041370622-2,White Banners,Deck Celli,Mystery,Tanoodle,47.85,3,2016586
233865185-5,Tuareg: The Desert Warrior (Tuareg - Il guerriero del deserto),Connie Brotherhood,Fantasy,Bluezoom,42.06,2.8,15401770
488801365-9,"Fidanzati, I (Fiances, The)",Stanford Shorbrook,Romance,Fivebridge,48.84,1.1,13485450
680063210-4,Rushmore,Tonnie Tomasutti,Science Fiction,Wikizz,36,2.7,7540273
263301715-0,Zhou Yu's Train (Zhou Yu de huo che),Carmela Ducarne,Mystery,Ozu,19.94,4.6,14132951
619175833-2,"Mr. Death: The Rise and Fall of Fred A. Leuchter, Jr.",Gorden Renac,Thriller,Aibox,28.68,1,16248694
327742293-3,"Flying Swords of Dragon Gate, The (Long men fei jia)",Joellen Bordiss,Thriller,Divanoodle,4.48,1.9,18253562
382483321-2,Hop,Ruthi Hawse,Historical,Linktype,36.45,0.3,2147652
418513794-X,"Devil and Miss Jones, The",Wynne Hathwood,Mystery,Buzzshare,34.85,3.5,17590845
115309634-X,Warning from Space (Uchûjin Tôkyô ni arawaru),Farrell Granville,Thriller,Muxo,11.94,0.4,5246875
547922281-3,The Imitation Game,Karee Lethardy,Romance,Rhyzio,4.68,0.5,10803833
797172561-2,"Bourne Identity, The",Guido Strike,Thriller,Einti,12.99,1.9,8410574
675108068-9,Mindwarp,Adolph Keough,Nonfiction,Yakijo,25.14,4.4,18662074
456955102-5,Zatoichi,Trey Gossling,Fantasy,Kayveo,34.61,0.6,9387770
453792812-3,Queen of Blood,Ileana Bentham,Nonfiction,Skinix,2.13,4.5,5298354
816524523-6,WNUF Halloween Special,Harmonia Vakhrushev,Mystery,Thoughtmix,12.74,2.5,6083349
785443865-X,FM,Kermie Innes,Romance,Katz,15.59,2.2,19788301
056723749-4,Vamps,Lidia Gambie,Fantasy,Trilia,45.17,1.8,10452002
521526991-2,Sixtynine,Jarad Willoughby,Mystery,Twimm,34.06,2.6,3073783
688459700-3,"Christmas Story 2, A",Sibelle Axby,Historical,Twimbo,49.86,0.4,441096
528948984-3,"2013 Rock and Roll Hall of Fame Induction Ceremony, The",Sutherland Ayling,Thriller,Kwilith,35.48,0.4,15287720
770789996-2,Class of Nuke 'Em High Part II: Subhumanoid Meltdown,Sasha Roderick,Fantasy,Skipstorm,47.81,0.2,1669236
920937372-3,Arrival II,Abagail Kenyam,Mystery,Vinder,10.57,4.5,244903
546198043-0,Borderland,Talia Ferrand,Mystery,Pixoboo,12.35,3.3,9306351
773982220-5,"Pumpkin Eater, The",Torrence Danjoie,Mystery,Demimbu,16.54,1.3,19159827
897372620-X,The Count of Monte Cristo,Andris Wicklen,Nonfiction,Riffwire,21.71,2.5,9515365
181684790-9,Shame,Xena Bandey,Nonfiction,Twitterbeat,42.71,3.2,18132702
353656349-X,"Couch in New York, A",Halimeda Blakeborough,Science Fiction,Trunyx,22.25,4.7,17423627
273342450-5,Fire,Filippo Beeson,Fantasy,Yozio,11.7,2.3,5083798
512466861-X,OKA!,Ellissa Hunnaball,Historical,Quatz,10.71,0.2,5831614
051309334-6,Rise,Clayborn Ferrara,Mystery,Eazzy,26.9,5,6614277
501165560-1,Not as a Stranger,Chloe Wasielewicz,Science Fiction,Fadeo,46.07,3.1,8554199
479208985-9,Nurse 3D,Selene Godin,Fantasy,Zoomzone,29.11,4.4,9588120
805610911-0,Wendy and Lucy,Gus Poltone,Historical,Dabfeed,1.28,1.5,16931804
486031466-2,Shock,Jessie Joiris,Fantasy,Linkbridge,19.37,3.2,16801079
516792307-7,This Must Be the Place,Garold Haldenby,Fantasy,Wordware,12.29,1.5,5858715
497729313-4,Agony (a.k.a. Rasputin) (Agoniya),Janetta Schlag,Thriller,Youspan,2.64,1,9203288
761681372-0,"Thing from Another World, The",Godfree Haggata,Thriller,Avaveo,7.09,1.1,980888
690010495-9,Holy Motors,Alberik Buckhurst,Nonfiction,Geba,34.08,3.9,8356188
922394427-9,Body Parts,Laurens Andrzej,Mystery,Realblab,8.74,4.6,2480978
738960567-7,Seopyeonje,Ginger Broadnicke,Thriller,Dynabox,32.92,2.5,15270834
410044613-6,Sol ,Kevin Macilhench,Thriller,Chatterpoint,9.98,0.4,7827496
546603428-2,Novocaine,Hanan Jebb,Nonfiction,Vipe,19.83,3.6,1545790
978063589-0,Chained,Whitaker Pinches,Science Fiction,Blogspan,18.72,1.4,1693565
890713491-X,Taras Bulba,Gerhardine Lamar,Fantasy,Kaymbo,29.72,4.8,9022429
140061110-5,Jeremy,Raphaela Simonyi,Nonfiction,Quire,9.72,2.8,15919186
823437683-7,Dial M for Murder,Nathanial Perez,Nonfiction,Meejo,21.88,1.3,9010950
558123280-6,Voyager (Homo Faber),Vanya Darleston,Fantasy,Ooba,3.76,1.5,16167378
887318310-7,Bikes vs Cars,Brittney Lanfranchi,Science Fiction,Demizz,14.58,1.6,14970417
750451181-1,Operation Ganymed,Lanni Degnen,Nonfiction,Dynabox,33.27,0.9,13017830
628319121-5,This Is the Army,Maudie Peeter,Nonfiction,Skilith,5.26,4.7,10871170
519860498-4,Postcards From the Edge,Sharyl Boydon,Mystery,Skipstorm,28.21,4.3,1222956
779159051-4,"Incredibly True Adventure of Two Girls in Love, The",Minni Zarfat,Historical,Eayo,6.16,1,14815128
296164816-5,The Last Journey,Danita Caird,Fantasy,Cogilith,12.65,3.4,8081958
453941781-9,Keeping the Faith,Willa Neave,Nonfiction,Zoozzy,44.73,1.5,19682124
673478000-7,La Belle Verte,Glynnis Nevitt,Thriller,Skipstorm,23.86,4.8,6058535
374846194-1,"Goodbye Girl, The",Ronnie Godilington,Mystery,Roodel,11.54,1.1,4505101
939409947-6,Stop at Nothing: The Lance Armstrong Story,Monte Samways,Science Fiction,Edgeblab,46.37,2.2,5687874
842923117-X,Say Anything...,Romonda Rickford,Fantasy,Topiclounge,20.15,4.5,1595194
079801209-9,"Life and Times of Allen Ginsberg, The",Constantina Powers,Romance,Dabtype,22.98,2.9,15281607
799943984-3,Tesla: Master of Lightning,Olivie Culverhouse,Fantasy,Roombo,4.84,4.5,18553725
192568617-5,Girl Shy,Brian Gainor,Romance,Vinte,3.73,3,11884740
149157585-9,Pornography (Pornografia),Boote Seamon,Thriller,Skidoo,49.49,4.2,11823803
510980132-0,Macario,Shalne Middis,Mystery,Rooxo,17.96,1.7,10897753
537001795-6,"Devil's Rain, The",Xever Weavers,Fantasy,Geba,10.29,2.8,3191050
448956019-2,Hi-Life,Erwin McKinless,Nonfiction,Roombo,45.04,2.2,19194117
419053699-7,The Oscar,Lorine Booley,Mystery,Tazz,17.36,4.5,16046157
820796981-4,Appropriate Adult,Damiano Baurerich,Science Fiction,Eamia,47.65,1.7,15700429
356744290-2,Love Object,Marie Skechley,Romance,Npath,45.31,4.1,8763946
911834291-4,Sunday Bloody Sunday,Frants Jacqueminet,Thriller,Dynazzy,6.22,2.3,5675039
087406923-8,Blithe Spirit,Codi Iskowicz,Fantasy,Browsedrive,25.83,1.7,9191044
102621140-9,"Pursuit of the Graf Spee (Battle of the River Plate, The)",Skell Springer,Romance,Livetube,10.1,1.5,15839184
858394701-5,Me and Him (Ich und Er),Ana Milthorpe,Nonfiction,Photolist,25.39,0.1,12086161
692926605-1,Don't Be a Menace to South Central While Drinking Your Juice in the Hood,Tilda d' Eye,Historical,Mymm,33.6,4.3,15810631
212724761-2,Butley,Edwina Henniger,Fantasy,Aivee,14.63,4.4,16610718
986557939-1,Uwasa No Onna (The Woman in the Rumor) (Her Mother's Profession),Pietrek Tapin,Romance,Centimia,34.5,1.6,1260505
584595281-6,Decoys,Alexis Peagrim,Mystery,Bubblemix,8.16,2.1,9119170
866323097-4,Experience Preferred... But Not Essential,Phelia Geggie,Romance,Skyndu,23.4,4.9,9951547
395547931-5,Starting Out in the Evening,Lucas Jarry,Romance,Centizu,45.83,3,5789657
998647214-8,Only You,Floris Dredge,Nonfiction,Katz,7.18,3.8,16344536
643842208-8,Young Gods (Hymypoika),Myranda Sevior,Romance,Trilia,45.25,3.8,19007571
116539396-4,Lucky Break,Guilbert Broseke,Fantasy,Oyonder,29.15,0.1,16386130
766973293-8,Last Holiday,Correy Tales,Mystery,DabZ,47.24,3.2,12416578
452186684-0,Cinderella,Elianore Tonna,Romance,Realcube,33.94,0.1,4456292
249787396-8,Kamome Diner,Langston Roiz,Historical,Myworks,28.22,2.3,6089456
893155163-0,"Prophet, A (Un Prophète)",Jose Gatehouse,Romance,Feedmix,35.18,3.8,2120016
511511956-0,Dollman,Dalt Spore,Historical,Thoughtstorm,24.87,0.6,16836454
973366176-7,Trapped in the Closet: Chapters 1-12,Victor Maharg,Historical,Skaboo,8.08,1.8,12390280
735352413-8,Keyhole,Raviv Felce,Romance,Yoveo,47.47,2,6467120
678985447-9,Vampire Journals,Bryce Daubeny,Thriller,Photobean,2.2,4.5,13800803
943974851-6,Diamonds,Cassandre Kurton,Romance,Digitube,42.98,4.7,10704797
513811492-1,Favorite Deadly Sins,Johann Teaser,Science Fiction,Twiyo,28.36,2.8,1292799
001375717-2,Let It Ride,Garrek Lorent,Fantasy,Pixoboo,38.89,1.3,17772668
992105759-6,The Face of Love,Baxy Santer,Fantasy,Aimbu,48.61,3.1,5564237
832809815-6,"Mouse That Roared, The",Benita Junkison,Science Fiction,Skajo,31.66,5,8951678
836925333-4,Pelicanman (Pelikaanimies),Codie Axford,Nonfiction,Bluezoom,35.81,1.6,3779749
837287886-2,Tempest,Tommie Ceaplen,Romance,Aibox,3.3,2.2,8774497
778064305-0,Ingenious,Terence Byrnes,Romance,Plambee,18.46,1.5,4865584
309133190-3,Under the Skin of the City (Zir-e-poost-e Shahr),Rik O' Mullan,Thriller,Skipfire,27.07,3.7,767169
908817443-1,Exorcismus,Tamarra McCurdy,Mystery,Trunyx,29.16,3,19587274
290489213-3,"Caretakers, The",Elmore Toderbrugge,Thriller,Buzzster,46.2,3.7,8394522
368396617-3,Help! I'm A Fish,Nichols Ince,Thriller,Camido,48.76,2.1,4022990
742404661-6,Three Little Words,Barth Gwyn,Thriller,Zoonoodle,8.89,3.3,9584017
661389981-X,Belphecor: Curse of the Mummy (Belphégor - Le fantôme du Louvre),Vanni Foyston,Thriller,Zoomlounge,27.77,0,15191064
415458313-1,Up the Yangtze,Jedd Itzkovich,Mystery,Rooxo,9.73,1,11195002
516145929-8,The Boogens,Shelden Aylward,Thriller,Browseblab,23.1,0.9,7016162
401698181-6,Torch Song Trilogy,Robenia Chatin,Science Fiction,Edgepulse,31.44,4.7,3146463
413221331-5,Matti: Hell Is for Heroes (Matti),Nerita Sterzaker,Romance,Zoomzone,16.49,1.6,9206131
551307108-8,Maverick,Darby Lotterington,Romance,Mynte,6.96,0.8,8347600
527848274-5,C.H.U.D.,Bucky Roughley,Nonfiction,Flashset,49.99,4.3,11662346
571483797-5,We Won't Grow Old Together (Nous ne vieillirons pas ensemble),Nert Flori,Nonfiction,Mudo,7.43,2.9,18382045
179046189-8,May in the Summer,Briana Millbank,Science Fiction,LiveZ,5.92,0.9,13967011
885751656-3,Denise Calls Up,Marilin Coates,Romance,Voolith,12,2.1,10603933
555280488-0,Adult Camp,Lisa Fairman,Nonfiction,Yozio,9.84,4.7,11226429
701537585-0,Passion of Mind,Merrel Tweddle,Science Fiction,Pixope,49.06,4.2,9270598
254496421-9,Transamerica,Jacki Theodore,Science Fiction,Skipfire,14.36,0.3,6802138
554392447-X,Last Cowboy Standing (Skavabölen pojat),Lyndell Fishleigh,Nonfiction,Myworks,46.84,1.4,3092179
419551003-1,"Shock Doctrine, The",Isacco Castenda,Historical,Flashdog,47.19,2.9,14934231
825362146-9,"Last Godfather, The",Bunni Bendig,Fantasy,Demimbu,37.62,4,1960456
330235935-7,Fortress,Catarina Troak,Fantasy,Chatterbridge,35.94,2.5,8582999
524212898-4,Belarmino,Retha Boseley,Science Fiction,Rhybox,48.4,0.8,4284178
177288564-9,Thinner,Gayler Chilton,Nonfiction,Camido,47.62,3.7,15076558
762287265-2,Conquest,Izabel Mundow,Science Fiction,Katz,23.56,0.3,14460280
840747346-4,Chasing Liberty,Lyndsey Suttill,Romance,Dabfeed,3.89,0.3,3723698
187144304-0,Pure Luck,Ennis Greathead,Mystery,Yozio,7.87,3.4,14841991
634390378-X,"Proprietor, The",Lesli Blaver,Fantasy,Jabberbean,38.31,2.1,18595159
111103244-0,Missile to the Moon,Margy Arnow,Romance,Jetpulse,43.53,3.4,2088754
886387071-3,"Good Time Girls, The (Bonnes femmes, Les)",Urban MacDunlevy,Mystery,Blogspan,24.48,4.5,4643239
285567929-X,"Year of the Hare, The (Jäniksen vuosi)",Tulley Chavez,Fantasy,Gabtune,12.05,2.1,941432
672205029-7,Attack from Space,Tiebout Seyler,Science Fiction,Jabbersphere,2.42,0.1,1693999
426733315-7,Chinese Zodiac (Armour of God III) (CZ12),Norry Roy,Historical,Twitterbridge,36.47,2,1896831
233910138-7,"Way, The",Enrichetta Capron,Thriller,Realbuzz,32.81,3.7,17427762
044108530-X,Rollercoaster,Harrison Sivewright,Mystery,Flashset,15.07,4.6,6326083
930135678-3,Faces in the Crowd,Erminia Foulcher,Mystery,Minyx,15.35,2.5,4373096
887853622-9,Crawlspace,Derward Bleckly,Mystery,Dabfeed,12,4,14620846
385517880-1,"Phantom Carriage, The (Körkarlen)",Ondrea Grigs,Science Fiction,Yozio,40.19,4.2,12734092
324280431-7,"Yards, The",Lonny Tims,Nonfiction,Photojam,45.85,0.1,802487
050211749-4,Sleep with Me,Ethelin Merrisson,Nonfiction,Twimbo,13.03,0.6,14276001
195460538-2,Emma,Mariana Cape,Fantasy,Gabvine,3.27,2.7,891447
237249031-1,Don Q Son of Zorro,Desmond Eyers,Mystery,Riffpedia,28.41,4.6,7484272
004766276-X,Mirror Mirror,Valery Drought,Mystery,Tanoodle,35.43,2.3,8524600
729999078-4,Shirin,Dew Garnsey,Romance,Skinder,22.86,0.8,13271298
573653778-8,Comic Book Confidential,Abramo Ringsell,Romance,Kayveo,6.81,2.3,11430250
644807208-X,Monument Ave.,Putnem Hayley,Fantasy,Meemm,34.18,1.7,11937980
312364669-6,"Walking Dead, The",Corrina Schlagman,Science Fiction,Quaxo,37.82,3.9,11252398
440539498-9,12th & Delaware,Archy Dilkes,Thriller,Livefish,12.02,0.3,17719705
344565390-9,Criminals,Oona Aindrais,Historical,Tagchat,17.79,0.8,9434412
679778898-6,Head,Abbey Brittlebank,Fantasy,Chatterpoint,34.24,1.1,4339292
906675930-5,"Tortured, The",Reed Rowly,Mystery,Photobug,35.38,3.2,16963204
169228052-X,"Love Bug, The",Hendrik Artois,Thriller,Mynte,4.5,2.4,13721481
711772753-5,Brannigan,Cybill Quye,Fantasy,Jaxworks,13.42,1.5,16175139
554811798-X,Nanayo (Nanayomachi),Wilie Jacson,Thriller,Twitterworks,3.28,3,501734
841338694-2,"Rapture, The",Krispin Bauman,Historical,Skipstorm,30.52,3.7,13245174
018109530-0,Red Psalm (Még kér a nép),Perl Tilzey,Romance,Zava,22.32,3,12876234
893529701-1,Tinpis Run,Guendolen Ference,Thriller,Jaxspan,7.26,3.3,19443915
628628034-0,Dark Skies,Dalis Prewer,Nonfiction,Aibox,41.63,2.3,15473517
296219312-9,Windtalkers,Sandra Purdon,Romance,Skilith,30.74,4.5,18797370
060159580-7,Investigation of a Citizen Above Suspicion (Indagine su un cittadino al di sopra di ogni sospetto),Vinson Luckie,Science Fiction,Trudoo,6.18,1.7,1996622
055752909-3,"Grandfather, The (Abuelo, El)",Willard Suggitt,Historical,Youtags,47.8,2,14257022
517773761-6,"Faraway, So Close (In weiter Ferne, so nah!)",Morton Johnes,Romance,Thoughtbeat,11.38,4.7,13282302
765659607-0,Fist of Legend (Jing wu ying xiong),Rossie Wilbud,Thriller,Thoughtmix,1.08,1.1,19142073
974845990-X,Tarantula,Dew Ibbitt,Historical,Bluejam,1.86,4.1,6634390
763376589-5,G@me,Murdock Swine,Romance,Pixonyx,33.26,1.5,8397164
785289274-4,Rent-a-Kid,Benjy Barthot,Romance,Twitternation,13.29,4.8,1368660
475087786-7,Paranoia Agent,Odette Rizziello,Nonfiction,Quinu,38.94,2.9,11357331
566822259-4,Impulse,Roddie Skene,Historical,Topicshots,44.59,2.7,16412457
418582418-1,It Happens Every Spring,Tessa Pember,Science Fiction,Wordify,46.36,0.8,1574599
626711956-4,Ride,Augustina Hollow,Historical,Realbuzz,17.52,3.8,1399414
375261562-1,Bollywood/Hollywood,Britt Withnall,Historical,Skinte,47.63,4.1,13805762
522570607-X,"Je, tu, il, elle (I, You, He, She)",Christoforo Keaves,Mystery,Dabfeed,10.04,4.7,13922619
077588611-4,Crockdale,Maxie Letherbury,Historical,BlogXS,3.48,4.2,708752
709821870-7,El asombroso mundo de Borjamari y Pocholo,Urbain Huie,Nonfiction,Oyoba,22.09,1.1,10994650
401432637-3,Subspecies,Pren Talkington,Mystery,Yombu,12.61,4.8,10020447
016521265-9,"Angel Named Billy, An",Rebeka Bengoechea,Romance,Agivu,6.19,0.7,10121163
951571162-2,Riding Alone for Thousands of Miles (Qian li zou dan qi),Josselyn Yanshin,Thriller,Browsetype,22.03,3.7,16855518
730132159-7,Coming to America,Allsun Bainbrigge,Romance,Yakidoo,49.58,3.7,10056878
803813138-X,Virus X,Dorry Nern,Fantasy,Jabbertype,8.67,0.2,5763732
219936462-3,"Sea Wolves, The",Tull Worsnup,Nonfiction,Skimia,32.83,0.5,4964321
665521575-7,The Do-Deca-Pentathlon,Brodie Toffel,Nonfiction,Twitterworks,13.72,4.1,8620821
058204100-7,"Funny Man, A (Dirch)",Valli Ninnis,Thriller,Wordtune,19.16,4,16062212
232194000-X,"Preacher, The (De dominee)",Roselia Iffe,Fantasy,Edgeblab,48.41,1.7,4290135
500718418-7,"Forger, The",Ambros Jehu,Fantasy,Agimba,29.17,3.7,5257910
827369986-2,Girls Town,Jillayne Castel,Mystery,Ntag,40.2,3.5,16964790
163767003-6,Zombie Honeymoon,Hubey Jahndel,Historical,Rhyloo,16.35,4.4,17990152
465673780-1,"Phantom, The",Bartholomeus Holdron,Romance,Livepath,26.7,1.3,4991998
247114737-2,Penguin Pool Murder,Jocelyn Pauletto,Romance,Meeveo,11.48,4.3,11176280
747446449-7,"Facts of Life, The",Nataniel Cundict,Thriller,Photospace,1.17,3.7,14591768
722717782-3,"Flaw, The",Cymbre Guillart,Mystery,Livetube,14.67,1.9,6603028
420292310-3,"Good Job:  Stories of the FDNY, A",Dallis Veldman,Nonfiction,Rhyloo,12.74,2.4,552621
286947974-3,The Wind in the Willows,Marcelline Hullett,Fantasy,Fivechat,4.13,3.7,14231237
904992074-8,P.S. Your Cat is Dead,Marion Le Strange,Fantasy,Linkbuzz,28.88,3.9,13449037
897847400-4,Traitor,Weylin Brandel,Mystery,Skynoodle,37.06,4.6,3377401
101464441-0,Lucky Number Slevin,Ginnie Mussolini,Thriller,Npath,1.04,0,14847825
140747762-5,Malice in Wonderland,Maridel Ebenezer,Science Fiction,Jaxworks,18.02,2,7850706
525668171-0,Soul Survivors (a.k.a. The Killer Cut),Austin Colliver,Nonfiction,Skynoodle,46.66,2.7,9385584
442202018-8,"Great Passage, The (Fune wo amu)",Edee Dunsleve,Science Fiction,Shuffledrive,27.96,1.3,12079152
539242053-2,Ingrid,Poppy Jerke,Mystery,Meevee,2.27,3.2,15585780
795240888-7,"Inheritance, The (Karami-ai)",Alika Claremont,Romance,Skinder,44.98,3.2,18346588
795737016-0,Drew: The Man Behind the Poster,Stanislaus Lorenzetto,Mystery,Realcube,25.79,2.3,10248759
429405681-9,Airplane!,Elisabetta de'-Ancy Willis,Science Fiction,Ozu,3.32,1.8,18412050
414640011-2,Exit,Engelbert Pavlasek,Thriller,Voolith,10.75,4.1,12817182
375168609-6,Before I Disappear,Boonie Venturoli,Science Fiction,Twitterlist,29.99,4.9,19753167
245238413-5,"Armwrestler From Solitude, The (Armbryterskan från Ensamheten)",Terza Esby,Mystery,Meevee,26.45,4.3,18750123
062796375-7,Buffalo Soldiers,Rusty Gorger,Historical,Livefish,18.47,3.2,8630949
719042391-5,"Passion of Joan of Arc, The (Passion de Jeanne d'Arc, La)",Chadd Frake,Science Fiction,Shuffledrive,8.12,2.5,18894492
652259981-3,"Agony and the Ecstasy, The",Harriot Lowdiane,Science Fiction,Ailane,39.03,0.8,15521141
310384529-4,"King Is Dead!, The",Aube Brazener,Historical,Demizz,48.95,0.6,6813602
959193850-0,Undisputed III: Redemption,Dyan Olenikov,Science Fiction,Janyx,32.75,2.6,9538691
735968887-6,If....,Mordy Hampshaw,Romance,Jabberbean,16.38,4.4,1909591
087803773-X,"Night in Old Mexico, A",Kylila Tratton,Fantasy,Twitterbeat,35.05,4.3,11997273
438748459-4,"Red Shoes, The",Ulrick Chomicz,Fantasy,Fanoodle,37.46,4.1,1126596
098839042-6,Sudden Death,Jed Cowpe,Romance,Jabberbean,48.01,2.8,7108878
473477762-4,They Won't Believe Me,Mead McNay,Nonfiction,Vinder,13.1,1.4,11593910
774887309-7,Future Cops (Chao ji xue xiao ba wang),Myrtice Ruprechter,Mystery,Cogidoo,3.03,3.1,18934846
319807826-1,The Boss,Maury Eynaud,Science Fiction,Tagcat,47.76,4.3,17517527
581630622-7,I Think We're Alone Now,Andrei Tyres,Historical,Talane,25.68,4.1,3190172
598667023-X,Mindwalk,Wandis Puleston,Science Fiction,Brainlounge,23.96,1.8,18320900
301318845-6,Staggered,Janella Trulock,Thriller,Jamia,37.38,4.2,12173229
066016797-2,Buddy,Ronny Sabatier,Mystery,Digitube,34.75,0.6,3519564
002585872-6,Puppet Master,Jeffie Ferrini,Romance,Twimm,49.69,2.7,16988003
670584076-5,Like Dandelion Dust,Dania Mitten,Mystery,Oyoyo,35.48,1.3,12455492
519384605-X,"Prophet, A (Un Prophète)",Blithe Isherwood,Fantasy,Meejo,21.1,0.5,4710108
842987526-3,"Lonely Passion of Judith Hearne, The",Cecilla Lintot,Science Fiction,Realcube,12.23,1,15426539
682490685-9,"Caddy, The",Loydie Pawlowicz,Fantasy,Yadel,18.82,3,7217002
197905489-4,The Stranger's Return,Murvyn Ovendon,Thriller,Chatterpoint,8.03,0.5,19843937
889306240-2,"Dangerous Man, A",King Sorrill,Science Fiction,Oba,46.2,1.9,18759278
466679079-9,On Earth as It Is in Heaven (Así en el cielo como en la tierra),Shannan Munks,Nonfiction,Devpulse,25.74,1.8,2532661
211138977-3,Willy Wonka & the Chocolate Factory,Claudian Pontefract,Romance,Rhynyx,16.27,0.5,2709720
000295976-3,"Mystery of the Third Planet, The (Tayna tretey planety)",Lark Coppen,Historical,Gevee,26.75,2.8,9917287
797804845-4,"Suicide Shop, The (Le magasin des suicides) ",Kelcie Gregoratti,Mystery,Realblab,2.7,4.4,14592251
533716747-2,City Zero,Jackie Hinckesman,Nonfiction,Babbleopia,40.52,3.9,3537784
341270245-5,Top Five,Mitch Golson,Mystery,Youspan,37.55,1.3,16340529
340928868-6,"Calling, The",Stacy Strike,Science Fiction,Midel,47.87,2.4,13743622
112751159-9,Don't Bother to Knock,Curcio McCoid,Romance,Youtags,34.67,0.9,11152520
092225010-3,Sex & the Other Man,Reamonn Thomas,Romance,Flashspan,26.69,1.6,16908220
553021254-9,Big Man Japan (Dai-Nihonjin),Livvie Illiston,Mystery,Eire,29.52,3.2,11954744
522113279-6,Francis,Catharine Hryniewicki,Science Fiction,Eare,44.21,4.3,15184523
987584697-X,Girlhood,Puff Barrasse,Mystery,Voomm,15.37,4.4,14329195
793648572-4,Being Cyrus,Sophronia Sutch,Mystery,Leexo,17.54,3.8,4615789
137939097-4,Metropia,Forest Mackin,Fantasy,Voomm,37.02,0.2,7500447
981354145-8,Joe,Pernell Sugg,Nonfiction,Meevee,41.8,4.4,3191738
779838198-8,How to Be a Player,Dino Santello,Science Fiction,Fivebridge,48.99,4.4,14285343
429992303-0,Standard Operating Procedure,Stefa Ziemsen,Fantasy,Jaxworks,31.04,3.5,1313077
510775760-X,Gloriously Wasted,Aldis Playfoot,Fantasy,Vitz,48.68,2.2,11678451
199898561-X,The Forbidden Room,Cyndia Doerrling,Mystery,Feedspan,5.97,0.7,17195562
402477063-2,"Tale of Springtime, A (Conte de Printemps)",Martita Paolazzi,Nonfiction,Feedspan,5.61,0.3,7138968
040587956-3,Slipstream,Meggy Barratt,Nonfiction,Rooxo,47.41,1.4,7407608
674996091-X,Elephant Boy,Hal Damrel,Nonfiction,Centizu,18.54,3.3,5007447
851302056-7,Genevieve,Pier Bartels-Ellis,Nonfiction,Gigabox,49.87,4.1,6039955
591846810-2,"Idolmaker, The",Junette Wyre,Historical,Meembee,47.63,0.7,5395767
966636474-3,The Boss,Emlyn Szymanek,Fantasy,Photobug,2.82,1.3,15907880
966796367-5,Crocodile (Ag-o),Robbin Zealy,Historical,Babbleblab,29.38,3.4,5973692
421792818-1,Dredd,Jo Shelmerdine,Thriller,Mynte,41.62,4.4,9143138
406490299-8,Bells of Capistrano,Lancelot Shorto,Fantasy,Roodel,11.64,3.7,18544067
142847013-1,Super Size Me,Audry Longstreeth,Romance,Dabvine,12.59,3.8,2661125
270833003-9,"Rising Place, The",Ashli Amey,Romance,Tagopia,39.53,3.2,17980426
452889236-7,Martyrs,Martino Stellin,Thriller,Skaboo,19.94,3.7,2369698
509154579-4,Things Behind the Sun,Mechelle Dillingham,Fantasy,Roodel,48.06,0.2,7417721
013667228-0,They Came to Cordura,Jarrod Ralling,Thriller,Fiveclub,22.19,1.4,5431370
503519831-6,Frenchmen 2,Jeremias Rabbitt,Science Fiction,Yombu,4.71,1.5,14477804
705418453-X,Everything About Mustafa (Mustafa hakkinda hersey),Elissa O'Hartnett,Fantasy,Linklinks,15.98,3.5,15191865
525575158-8,Murder on a Sunday Morning (Un coupable idéal),Dolph Cisco,Science Fiction,Ntags,24.8,4.1,7334812
656928140-2,Santa Claus Is a Stinker (Le Père Noël est une ordure),Dulci Clampin,Fantasy,Devpulse,46.18,0.7,3063788
029277377-3,Border Incident,Immanuel Kopta,Mystery,Eabox,27.03,2.7,11903886
884813819-5,Fat Kid Rules the World,Rosaleen Rotte,Thriller,Tekfly,45.49,4.7,14260215
624234502-1,Supercop (Police Story 3: Supercop) (Jing cha gu shi III: Chao ji jing cha),Barry Prest,Fantasy,Meevee,14.31,4.3,18774582
030058361-3,"Armwrestler From Solitude, The (Armbryterskan från Ensamheten)",Kris Anand,Romance,Mydo,18.98,2.5,13974547
294364769-1,Living with Wolves,Mohammed Arrington,Science Fiction,Dabvine,36.59,4.2,1438914
205471054-7,"Stone Left Unturned, A (Kovat miehet)",Reilly Stean,Historical,Skinder,16.58,3.5,19521387
704867494-6,Orderers (Les ordres),Manda Flucks,Mystery,Linkbuzz,11.12,1.3,13321693
751503002-X,Anne of Green Gables: The Sequel (a.k.a. Anne of Avonlea),Janaya Merali,Fantasy,Photojam,12.74,4,2461814
125225696-5,Wild Strawberries (Smultronstället),Beryle Eadmeades,Science Fiction,Geba,17.65,1.6,16993558
985362795-7,Exam,Ronny Margerrison,Romance,Tagchat,33.49,0.1,7433599
722107335-X,Under the Volcano,Gregorius Guilder,Romance,Thoughtsphere,15.16,0.2,9251908
686429023-9,"Children of the Century, The (Enfants du siècle, Les)",Kleon East,Mystery,Brainsphere,12.2,4.4,13453213
542642844-1,Telling You,Franky Gleeson,Thriller,Kazu,20.06,3.3,576528
394845571-6,"Young Black Stallion, The",Alidia Blackstone,Nonfiction,Flashspan,11.16,4.6,18312475
201065176-6,Jim Breuer: And Laughter for All,Loralyn Burborough,Thriller,JumpXS,16.75,2,15185909
263987791-7,Planes: Fire & Rescue,Mag Coull,Science Fiction,Zoomzone,8.79,2.1,16417698
876357078-5,And So It Goes,Allen Emsley,Romance,Tagpad,30.12,0.1,4748262
551242699-0,Touch of Pink,Jourdan O'Ruane,Fantasy,Tambee,12.53,2.1,8145334
196964199-1,Dark Water (Honogurai mizu no soko kara),Dorolice Haycraft,Nonfiction,Rhynyx,17.61,0.8,18439875
660214897-4,"Chorus Line, A",Ottilie Bernardos,Historical,Zoomdog,3.2,3.2,17451011
463509700-5,Legal Deceit,Alys Ander,Mystery,Kimia,38.08,2.9,3432299
509995900-8,Odd Girl Out,Waiter Lukianov,Science Fiction,Browseblab,27.24,4.3,1153481
675001389-9,Morning for the Osone Family,Flore Jellyman,Romance,Vitz,10.71,4.4,403981
774690335-5,The Studio Murder Mystery,Melvyn Woodlands,Thriller,Topiclounge,23.17,1.2,10099230
387149346-5,Such Hawks Such Hounds,Corabel O'Hartnett,Fantasy,Jazzy,25.52,2,17566743
558394698-9,Carriers,Scot Monan,Nonfiction,Oyonder,30.97,3.4,11066018
136721520-X,"Goat, The (a.k.a. Knock On Wood) (Chèvre, La)",Brianna Dunford,Mystery,Eayo,49.78,2.9,11785285
936964345-1,Eden Log,Harriet Davidovich,Mystery,Jazzy,32.41,4.1,12893908
946064514-3,"""Great Performances"" Cats",Sasha McCrackem,Fantasy,Skibox,37.57,3.3,15364634
065384741-6,Adam,Orazio Damiral,Mystery,Photolist,11.05,2.9,8530432
325504820-6,Me Without You,Elijah Exall,Historical,Twinder,48.23,4.1,5280665
436377192-5,Films to Keep You Awake: The Christmas Tale (Películas para no dormir: Cuento de navidad),Shalne Vlasov,Mystery,Twiyo,12.72,4.2,2303068
193645972-8,Snake-Crane Secret (She hao dan xin zhen jiu zhou),Quinlan Footitt,Science Fiction,Camimbo,21.46,4.1,13746117
842106683-8,"Intruder, The (L'intrus)",Kenyon Finnan,Thriller,BlogXS,10.96,2.1,14431135
301794605-3,Bomber,Stern Kenen,Romance,Jatri,6.58,4.7,18265976
229997280-3,Mimic: Sentinel,Emmalyn Barwis,Nonfiction,Gigazoom,14.54,2.2,15761948
851714846-0,"Night, The (Notte, La)",Mort Norwich,Historical,Feedbug,45.25,1.9,8016133
540513630-1,New World (Shin-sae-gye),Leena Hauxley,Fantasy,Kwilith,25.12,3.9,11307485
051524192-X,Home Movie,Camey Cuttin,Science Fiction,Pixope,22.25,4.1,18570263
364273571-1,10 Rillington Place,Tiffi Petrello,Historical,Trudeo,4.83,1.8,19124079
380391217-2,Asylum,Brandice Mansfield,Thriller,Mycat,8.26,0.5,6930907
347692392-4,"Dead Times (Temps morts, Les)",Othilie Dwelly,Thriller,Blogspan,21.51,0.5,11865882
118201505-0,Paradise Road,Ruprecht Britland,Science Fiction,Leexo,30.85,0.2,14659336
782596206-0,State of Grace,Nealson Deeman,Mystery,Flashspan,8.37,0.3,18273658
311074939-4,Set It Off,Travers Swindlehurst,Thriller,Tanoodle,3.66,3.8,14541081
286288278-X,Nowhere to Hide (Injeong sajeong bol geot eobtda),Natale Kerrey,Fantasy,Vinte,28.57,0.6,2376938
591018533-0,"Terror Beneath the Sea, The (Kaitei daisensô)",Ethelyn Malacrida,Science Fiction,Fanoodle,7.45,3.1,16670181
578522456-9,South Pacific,Horatia Haggeth,Mystery,Fiveclub,15.1,4.1,7372963
302631367-X,Ten Tall Men,Francisco Airey,Science Fiction,Leexo,16.05,2.6,1517613
572529247-9,Lady for a Day,Merell Kristoffersson,Historical,Flashset,45.94,4.2,6735032
022433657-6,"Kiss Before Dying, A",Alberto Dallimare,Historical,Plajo,14.56,3.4,7786606
734101183-1,Against the Current,Kati Tithecott,Thriller,Divanoodle,8.42,0.6,19213130
280379092-0,Junior Bonner,Carri Commin,Historical,Plajo,32.13,1.5,14924399
447813829-X,That's Entertainment! III,Dacy Findley,Thriller,Janyx,34.19,2.5,4316686
174225351-2,Crime and Punishment,Aksel Torricella,Romance,Blogspan,20.21,0.1,4718215
111198703-3,I'll Follow You Down,Petrina Quemby,Historical,Linktype,26.09,1.5,12715179
354795850-4,Poison Ivy II,Christal Medcalfe,Mystery,Twimm,8.61,0.1,6297360
236240148-0,"File on Thelma Jordan, The",Artus Beades,Romance,Youtags,14.12,2.1,16996515
558288234-0,Death Before Dishonor,Georgy Croxall,Romance,Twimbo,8.49,2.3,16393569
429887089-8,"Concert for George, The",Erinn Yeudall,Mystery,Browsebug,40.29,2.9,3798720
460637192-7,Sinister,Benoit Massie,Science Fiction,Tazz,10.75,0.8,4816936
930266669-7,Superstar Goofy,Sibby Maypother,Science Fiction,Jayo,14.6,4.9,9822894
813509756-5,Shall We Dance? (Shall We Dansu?),Ogdon Stow,Historical,Npath,49.86,1.5,14769754
264554892-X,"Narrow Margin, The",Daniele Allred,Romance,Youspan,9.47,4.8,9382679
986171983-0,"Man from Utah, The",Rudiger Leathlay,Nonfiction,Kaymbo,43.92,2.8,2775860
780144117-6,Even Money,Nikki Philpotts,Fantasy,Eayo,47.95,3.9,11109311
779582273-8,Mail Order Bride,Ruthanne Kubista,Science Fiction,Roodel,32.13,3.3,19482858
001584427-7,"Virginity Hit, The",Sheppard Eynaud,Fantasy,Devshare,9.97,3.5,14717721
998360335-7,Needing You... (Goo naam gwa neui),Abbey Wadwell,Romance,Feednation,2.47,1,8751427
924115347-4,Night of the Living Dead,Madalyn Carus,Historical,Aimbo,23.74,5,317027
395865294-8,Lady Snowblood (Shurayukihime),Addie Keightley,Mystery,Livetube,26.45,4.5,12712572
680108345-7,Hachiko: A Dog's Story (a.k.a. Hachi: A Dog's Tale),Hebert Linacre,Nonfiction,Jamia,6.94,3.2,17335713
145836975-7,Hairspray,Agnesse Pach,Fantasy,Yambee,38.63,2.9,14450812
553374558-0,Nutty Professor II: The Klumps,Siouxie Kolinsky,Romance,Realcube,23.18,2.2,7163562
049291867-8,Prison (Fängelse) ,Zorana Gyrgorcewicx,Thriller,Meejo,23.1,2.3,12244056
439693890-X,They Might Be Giants,Kenton Staddom,Mystery,Vitz,6.62,0.3,8662904
188867254-4,Night Train to Munich,Otto Hatherleigh,Science Fiction,Eidel,37.11,4.8,17857823
343458446-3,"Unvanquished, The (Aparajito)",Bob Kittredge,Nonfiction,Brainverse,45.04,4.9,15953832
102472506-5,Genghis Blues,Colan Scamerdine,Romance,Quinu,33.13,4,19567911
524786084-5,"Thin Man Goes Home, The",Katherine Ferri,Nonfiction,Yodo,23.35,2.4,10740294
355774478-7,Celebrity,Alexandre Acklands,Romance,Mudo,41.7,3.8,14925891
778423184-9,"Changeling, The",North Hellin,Science Fiction,Thoughtbridge,26.43,5,15714135
174769480-0,"Magnificent Seven Ride!, The",Aimee Izaks,Romance,Realcube,47.24,2.6,18963114
319032952-4,"Busher, The",Daryl Belsey,Romance,Kamba,29.02,3.1,8168737
977190154-0,Sunshine,Hoebart Leyland,Fantasy,Jatri,29.49,1,4899873
975957683-X,"Hiding Place, The",Otha De Haven,Science Fiction,Shuffledrive,45.56,3,15029531
354997630-5,Vengeance is Mine (Fukushu suruwa wareniari),Fletcher Pepineaux,Fantasy,Realmix,34.79,1.8,19810046
364846866-9,Midnight Madness,Brok O'Duane,Nonfiction,Yambee,10.14,2.6,4656802
144420639-7,"Edison, the Man",Maureene Aubery,Mystery,Agimba,11.4,0.8,350485
512107300-3,The Day I Saw Your Heart,Biron Rosenfelder,Science Fiction,Miboo,10.14,0.3,5336920
654678288-X,"Green Butchers, The (Grønne slagtere, De)",Laryssa Yegorkin,Science Fiction,Realfire,31.03,0.7,14107796
705597467-4,"Earth Is a Sinful Song, The (Maa on syntinen laulu)",Basia MacTeggart,Thriller,Shuffledrive,6,2.4,5328920
367007159-8,"Modern Affair, A",Forbes MacQuarrie,Thriller,Kaymbo,36.57,4.7,4456738
364680878-0,Grand Masti,Regan Fydoe,Mystery,Lajo,48.05,2,8189221
853206456-6,"Simple-Minded Murder, The (Enfaldige mördaren, Den)",Rudolph Spight,Fantasy,Fiveclub,8.72,3.4,9526933
571999837-3,Bonhoeffer: Agent of Grace,Ame Matushenko,Thriller,Cogibox,12.17,0.5,12570777
056038111-5,Big Brown Eyes,Blake Basile,Historical,Tagpad,44.25,3.2,2162364
670377965-1,Sophie's Choice,Marlane Holdworth,Nonfiction,Camido,29.09,1.2,2477758
651259934-9,"Human Scale, The",Stevie Rottenbury,Fantasy,Edgeblab,37.38,3.2,2328460
735157254-2,Outsider,Jobi Laight,Fantasy,Twimm,6.05,0.5,8206644
104635432-9,Wonder Boys,Johann Date,Science Fiction,Quire,4.29,3.8,16701866
614399743-8,No Small Affair,Cacilia Pawlaczyk,Historical,Livefish,28.04,4.4,19265993
320567710-2,Friday the 13th Part VII: The New Blood,Chandler Harcarse,Science Fiction,Twitterworks,47.79,1.9,12944327
378443964-0,Calling Dr. Death,Lisle Marion,Mystery,Skipfire,10.38,2.6,8814872
812673086-2,Better Living Through Chemistry,Lettie McArt,Historical,Edgewire,12.98,4,4090973
325524688-1,Arabesque,Ronda Genike,Thriller,Ainyx,6.53,3.7,1387235
652076249-0,Nobody Will Speak of Us When We're Dead (Nadie hablará de nosotras cuando hayamos muerto),Cathie Peaurt,Science Fiction,Kare,39.04,1.5,16234421
472925608-5,"Chambermaid on the Titanic, The (Femme de chambre du Titanic, La)",Jeff Fontes,Romance,Gabtype,30.01,3.3,6112880
699887171-6,Compliance,Welsh Gunda,Nonfiction,Voolith,18.58,3.4,4131554
309418693-9,Brainscan,Ahmad Coggen,Romance,Tavu,22.92,0.9,2563302
960889002-0,Bob le Flambeur,Rennie Russi,Romance,Shufflebeat,28.96,0.5,10989625
265499193-8,In the Mirror of Maya Deren (Im Spiegel der Maya Deren),Tanny Bance,Fantasy,Tagfeed,11.72,1.2,876803
820122264-4,Women Without Men (Zanan-e bedun-e mardan),Jerrilyn Mogey,Science Fiction,Minyx,39.24,3.4,9078476
140716616-6,Jellyfish (Meduzot),Selina Douris,Historical,Layo,38.77,0.2,5485651
014356263-0,One to Another (Chacun sa nuit),Evvie Grummitt,Thriller,Tagtune,33.85,4.7,12986596
204848298-8,"First Beautiful Thing, The (La prima cosa bella)",Myrlene Farr,Thriller,Quire,16.15,3.6,2745897
199285137-9,What Maisie Knew,Cameron Tumini,Science Fiction,Mynte,44.69,0.2,10588565
983185888-3,Anita,Sean Jore,Nonfiction,Avavee,23.68,2.5,11768795
124565588-4,Gone to Earth,Erny Fine,Nonfiction,Quatz,41.75,3.2,15677093
271016113-3,Warriors of Virtue,Mal Danilishin,Science Fiction,Vimbo,48.95,3.8,1315186
791030698-9,Requiem,Lorry Petford,Mystery,Zoomcast,29.98,2.9,3677902
383833892-8,Doc of the Dead,Faina Hessing,Historical,Avavee,6.83,3.3,6132304
256792102-8,Bangkok Dangerous,Jard McWhirter,Nonfiction,InnoZ,30.18,4.8,1210606
988815481-8,"Chosen One, The",Shantee Daymont,Fantasy,Vinder,43.41,0.4,2766055
589418173-9,"Dogs of War, The",Ilka Carter,Romance,Innojam,8.18,2.9,15663806
428328998-1,Basket Case,Sax Stean,Historical,Yotz,13.11,2.6,5407578
761787712-9,Spellbound,Carlina Bittlestone,Nonfiction,Roombo,36.75,1.6,5247353
450020376-1,Critters 2: The Main Course,Salvador Fernley,Fantasy,Gabvine,20.85,0.2,3794090
738289582-3,She's Gotta Have It,Jarret Dodds,Fantasy,Skyvu,14.25,3.4,14786780
786899137-2,Ulysses' Gaze (To Vlemma tou Odyssea),Nolly Flewan,Nonfiction,Feedfish,36.03,4,9817077
464353797-3,Cherry Falls,Dinny Thornham,Thriller,Quire,18.85,1.7,10441615
107789266-7,Undercover Blues,Jeni Harly,Science Fiction,Voonder,34.12,2.1,4259358
096017609-8,"Crime of Monsieur Lange, The (Le crime de Monsieur Lange)",Morris Goward,Thriller,Bubbletube,35.63,3.2,641036
561870181-2,"Betrayed, The",Chanda Harling,Thriller,Jatri,34.48,2.3,18053426
027844274-9,Flamenco (de Carlos Saura),Ike Stanlake,Fantasy,Skynoodle,44.96,1,8860590
806411960-X,Sex and the Single Girl,Zollie Pariss,Thriller,Trilith,15.47,2,8460791
523708798-1,"Case Against 8, The",Tye Water,Nonfiction,Quaxo,25,1.7,9123425
379211168-3,Earth (Tierra),Mariya Noulton,Romance,Bubblemix,11.18,4.2,2772232
203664935-1,Hey Arnold! The Movie,Paulita Tuite,Fantasy,Zazio,42.28,3.8,10459754
327310469-4,Maria's Lovers,Carmelina Wanek,Fantasy,Thoughtworks,14.3,0.1,8156968
655006947-5,"Wicker Man, The",Arvin Woffenden,Historical,Meedoo,1.58,5,11508072
489368170-2,"Claymation Christmas Celebration, A",Emmalynne Extal,Fantasy,Digitube,18.12,4.1,8958278
418339224-1,Breathless,Gilberte Apark,Nonfiction,Linklinks,49.27,3.1,9100301
398436551-9,Whatever It Takes,Margery Pays,Romance,Snaptags,3.88,1.1,276861
747731533-6,Breaking and Entering,Ekaterina Simoneau,Nonfiction,Skipfire,31.91,4.3,7787297
309160578-7,Of Human Bondage,Corbin Frounks,Romance,Quimba,46.72,4.1,14206148
536185845-5,"Man with Bogart's Face, The",Kipper Patullo,Science Fiction,Dablist,12.2,3.2,2378595
728995318-5,Coyote Ugly,Page Blasiak,Science Fiction,Babbleset,16.81,4.5,121427
799854159-8,Just Cause,Karon Shimuk,Fantasy,Yakijo,39.92,1.4,7600268
883988125-5,Double Team,Rowland Daal,Romance,Kimia,24.15,4.3,14510281
713374344-2,Palms (Ladoni),Torey Tonna,Fantasy,Topdrive,10.3,3.7,5034195
516507723-3,Tyler Perry's Why Did I Get Married Too?,Daryl Orrow,Mystery,Minyx,31.35,0.1,2262902
716188523-X,"Life of Jesus, The (La vie de Jésus)",Nedi Buckenhill,Fantasy,JumpXS,2.51,2,7189958
131863355-9,The Infinite Man,Atlante Tremathack,Historical,Wordware,36.14,4.2,6685819
675042792-8,Bang the Drum Slowly,Leland Kunz,Science Fiction,Mudo,30.01,4,19422517
492347894-2,Law of the Lawless (Brigada),Marta Gollin,Mystery,Aimbo,14.9,4.1,8666333
676511521-8,"Ballad of Jack and Rose, The",Dionis Sweetmore,Fantasy,Bluezoom,24.32,2.5,296103
376122783-3,Spare Bed-Room,Federica Jirusek,Mystery,Innojam,18.8,2.7,15820033
886820932-2,"Hand, The (Ruka)",Carin Behagg,Science Fiction,Meevee,8.18,0.3,6153589
714759126-7,Bounty Hunters (Bail Enforcers),Beltran Ovenden,Fantasy,Shuffletag,26.99,3.9,19908817
020362947-7,Killer Movie,Juana Littrik,Nonfiction,Kanoodle,47.74,1.9,18193753
153213851-2,Feiern,Melicent Mutter,Nonfiction,Buzzshare,30.06,1.7,4223056
670085030-4,Catch That Kid,Elena Duffyn,Thriller,Flashdog,46.23,2.5,3812181
969018698-1,Good Boy!,Bobbe Primett,Mystery,Buzzster,13.88,3.8,18577045
821795899-8,"Pope of Greenwich Village, The",Merell Leggat,Fantasy,Zoozzy,30.02,1.1,12728787
700171978-1,Bootmen,Svend Henricsson,Historical,Twitterworks,29.48,1.5,2867471
191063707-6,Empire,Otes Meany,Nonfiction,Kanoodle,21.35,1.8,3675213
284874827-3,"Injury to One, An",Kiley Benazet,Romance,LiveZ,6.55,3.3,1460872
629531415-5,"Star Is Born, A",Herve Gerrans,Mystery,Blogtags,22.62,2.4,16344439
337589844-4,"Disappearance of Haruhi Suzumiya, The (Suzumiya Haruhi no shôshitsu)",Randa Bolles,Romance,Zoomdog,35.72,4.9,2224393
481076553-9,Won't Back Down,Bryan Sivior,Romance,Flipopia,32.23,2.2,2985699
211594681-2,Unraveled,Derron Colnett,Nonfiction,Realbridge,8.16,0.1,12025347
200413563-8,"Ice Harvest, The",Leela MacCroary,Mystery,Realbuzz,46.69,1.1,7221033
149262859-X,Meu Passado Me Condena: O Filme,Xymenes de Glanville,Mystery,Zoomlounge,32.32,3.2,18560954
255815160-6,"Little Princess, A",Thaddus Krzyzanowski,Science Fiction,Aivee,6.72,2.5,4885033
102169486-X,Waltz with Bashir (Vals im Bashir),Alain Summerson,Nonfiction,Gigazoom,19.6,2.3,7875545
438980585-1,Across the Hall,Atlante Bigly,Nonfiction,Skipfire,44.88,2.9,15622125
233073236-8,Learning to Ride,Kirsteni Lummasana,Thriller,Kimia,26.54,4.4,2231782
865972108-X,Catlow,Brocky McVeighty,Science Fiction,Realcube,14.95,2.3,1170740
979418987-1,Ménage (Tenue de soirée),Mildrid Salters,Mystery,Meevee,42.25,2.4,2711995
863057466-6,"Seventh Brother, The (A hetedik testvér)",Isahella Bradane,Science Fiction,Blogpad,26.51,4.4,13942338
148493990-5,Two-Lane Blacktop,Ines Seton,Fantasy,Quaxo,3.88,4,1503231
671521348-8,Lazybones,Gabrielle Berrecloth,Science Fiction,Riffpedia,1.36,2.7,7153692
184152720-3,Sacro GRA,Odell Skentelbery,Nonfiction,Myworks,32.41,2.9,13149863
226222459-5,"Day of the Doctor, The",Harley Bunhill,Mystery,Mybuzz,33.85,3.8,839566
178294362-5,Stuck in Love,Byran Tschierasche,Fantasy,Vimbo,26.75,4.6,11943980
464078359-0,Shy People,Filmore Housen,Thriller,Mybuzz,19.05,1.2,10699548
749479969-9,Welcome to the Jungle,Fons Scroxton,Thriller,Topicstorm,30.72,4.2,16401130
833971343-4,Left Behind: World at War,Ned Cubbini,Thriller,Camimbo,41.66,1.6,5281413
214324030-9,Black Lightning (Chernaya Molniya),Sarette Hodgon,Mystery,Gabspot,4.91,4.1,3572449
227300969-0,Three Brave Men,Zorah Duplock,Mystery,Dabjam,31.09,2.9,16431237
317181812-4,"Midsummer Night's Dream, A",Glenden Jouandet,Nonfiction,Oyoloo,45.98,2.6,1917415
497092595-X,Yankee Doodle Dandy,Harris Vispo,Historical,Skibox,7.32,3.6,209089
999481844-9,Kaena: The Prophecy (Kaena: La prophétie),Tiphanie Yorke,Nonfiction,Eadel,8,1.6,6846730
095062682-1,Sketches of Frank Gehry,Yancey Butteris,Science Fiction,Tagpad,30.88,2,15935377
809821206-8,"Moderns, The",Leigha Sholl,Thriller,Kwimbee,19.81,2.1,4379760
993648565-3,De nieuwe Wildernis,Dominick Tunaclift,Science Fiction,Roodel,34.52,2.1,4175750
867403338-5,Virus X,Gabrielle Vasyukov,Thriller,Topdrive,38.59,0.4,17837816
651698611-8,Ass Backwards,Alvis de Nore,Fantasy,Meemm,34.83,1.6,8935759
803751842-6,Awakenings,Alanna Awton,Romance,Zoombox,22.62,3,17595142
029370794-4,"Dirties, The",Janaye Sandwich,Nonfiction,Shuffletag,37.82,3.5,16226965
406195809-7,Confidentially Yours (Vivement dimanche!),Chris Bouzan,Fantasy,Ainyx,6.79,0.8,8745068
998447038-5,Ashik Kerib,Jacqueline Seaborn,Thriller,Oyoloo,27.28,1.9,285673
295997111-6,Another Earth,Ashton Claire,Thriller,Rhycero,36.55,1.7,7517679
347198327-9,Cheech & Chong's Nice Dreams,Teriann Staddom,Nonfiction,Blogtags,32.31,2.6,13862007
407992561-1,Azumi 2: Death or Love,Emmalyn Hughesdon,Fantasy,Brightbean,24.12,2.1,10418385
475650237-7,American Me,Sampson Willmont,Historical,Babbleopia,29.3,3,2620159
689791699-4,"Peacemaker, The",Briano Fugere,Historical,Zooveo,1.57,1.3,11420187
990461871-2,Cape Fear,Nike Ayers,Nonfiction,Oyondu,30.19,1,3012320
021314237-6,Cremaster 5,Raine Loffhead,Historical,Mudo,28.7,4.6,2424812
339825918-9,"Last American Hero, The",Jeniffer Fyrth,Historical,Plambee,49.56,4.2,5636601
408696029-X,Third World Cop,Henriette Thackston,Historical,Wikivu,4.65,0.4,13161643
246369133-6,Westbound,Alexi Attwill,Historical,Thoughtbeat,15.93,0.1,19039892
315907878-7,Halo Legends,Gui Franek,Fantasy,Blognation,45.52,4.3,13627120
712724573-8,Avatar,Sonja Casaletto,Science Fiction,Youspan,9.76,2,15620526
202954557-0,Cocoon,Kliment Waite,Historical,Youopia,4.8,3.3,3185234
289814556-4,Afflicted,Bernardo Suttill,Thriller,Youbridge,10.47,0.2,18389268
790415997-X,Pitch Perfect,Roxi Vasiljevic,Mystery,Thoughtsphere,26.64,4.8,19846163
835441646-1,Deadly Prey,Lorine Garshore,Romance,Skyble,21.86,0.6,8470575
494858894-6,"Two Mrs. Carrolls, The",Zelda Griffitts,Mystery,Plajo,41.09,4.9,1087296
933156834-7,"Debt, The (Dlug)",Alexandro Lithcow,Romance,Minyx,6.7,0.4,13326813
188322289-3,"Two Faces of January, The",Simonne Stormonth,Mystery,Jazzy,26.34,1.6,6102038
029888933-1,Sweepers,Cleopatra Owtram,Fantasy,Blognation,41.7,4.1,19875285
612677837-5,I Think I Do,Marrissa Maren,Fantasy,Browsecat,48.56,0.9,16505148
857177334-3,Lupin III: First Contact (Rupan Sansei: Faasuto Kontakuto),Dani Ledrun,Romance,Trilia,43.85,2,6390441
126102352-8,Wu yen,Gusty Hiorn,Nonfiction,Oyonder,6.4,0.2,16784334
979109882-4,Where Are My Children?,Cary McCurdy,Mystery,Voonder,17.72,3.6,5147612
270943326-5,In the Hands of the Gods,Faustina Robel,Nonfiction,Flipopia,15.35,3.7,5749327
129229441-8,Hans (Kukkulan kuningas) ,Andy Fairlamb,Fantasy,Bluezoom,41.8,2.2,9411308
368822466-3,Pete's Dragon,Augustus Beadles,Mystery,Youtags,25.96,0.4,3054981
023532958-4,Wonderland,Shaun Ottawell,Romance,Kwimbee,34.32,4.2,460591
771921947-3,Over the Brooklyn Bridge,Leann Hewkin,Historical,Omba,49.71,2.2,10409062
902707750-9,Bathory,Christian Gooly,Thriller,Yadel,20.29,3,10704129
038392404-9,Six Ways to Sunday,Artie Treherne,Historical,Livepath,49.55,3.8,18704109
534746416-X,Private Fears in Public Places (Coeurs),Zerk Goscomb,Nonfiction,Rhycero,28.17,0.4,5869242
395927079-8,God of Cookery (Sik san),Elberta Heffernan,Romance,Voomm,5.57,3.8,13567605
797212214-8,Bad 25,Faber Petrov,Mystery,Devify,41.08,2.5,7275438
098750815-6,Chattahoochee,Goraud Lemmen,Science Fiction,Kwideo,26.68,1.2,5732398
759680405-5,Alien Nation: Body and Soul,Sabina Bytheway,Nonfiction,Fadeo,17.16,3.1,5273284
924294685-0,Thirty Day Princess,Clemens Cosgreave,Romance,Livetube,23.99,3.2,1788730
740800379-7,One Man Up (L'uomo in più),Moria Hairyes,Thriller,Linkbridge,11.82,2.7,7945396
334797485-9,"Barchester Chronicles, The",Faustine Spataro,Thriller,Nlounge,22.32,0.1,15375154
666647137-7,"Swindle, The (Bidone, Il)",Angie Badland,Nonfiction,InnoZ,23.06,4.2,15871975
472600307-0,Akira,Alf Elijah,Nonfiction,Meembee,13.73,4.1,1946303
754719877-5,Raising Victor Vargas,Kenna Acreman,Historical,Edgepulse,16.03,2.6,1977666
488705306-1,"Eye, The (Gin gwai) (Jian gui)",Terri Morrice,Thriller,Izio,19.78,0.4,4259501
630588372-6,Killing Season,Ardisj Linnell,Science Fiction,Thoughtworks,13.64,0.9,2768056
143098711-1,"Cool, Dry Place, A",Phil Summerhayes,Fantasy,Edgeclub,2.47,3.5,7216145
322073499-5,Triggermen,Easter Edwardes,Fantasy,Ozu,13.03,0.3,17734724
032041709-3,Blackrock,Rivy Fitchew,Historical,Blogpad,8.54,1.6,12841091
584462502-1,Perched on a Tree (Sur un arbre perché),Bevin Yakebowitch,Historical,Lazz,29.29,3.1,1218441
926969980-3,9 Star Hotel (Malon 9 Kochavim),Boigie Comino,Thriller,Rhyzio,4.07,0.7,9397903
360015249-1,Sol ,Wilone Soane,Romance,Shuffledrive,22.17,0.8,1265479
796783502-6,Girl Shy,Tyson Grix,Nonfiction,Vipe,36.24,0.8,1073818
555756393-8,"Letter, The (La lettre)",Bennie Hales,Fantasy,Vipe,33.25,4.4,17534972
924443706-6,Wrong Turn 4,Sly Innerstone,Science Fiction,Divavu,48.12,3.8,4979745
396994321-3,Phantasm II,Mike Urian,Thriller,Feedfire,32.9,2.7,1846436
254954425-0,Chain Letter,Crista Breem,Romance,Brainverse,23.12,0.6,10727308
204678797-8,Jalla! Jalla!,Angelia Blues,Thriller,Skalith,7.28,2.5,2896230
054191967-9,"Bitch, The (La chienne)",Beck Gaither,Romance,Yodoo,25.09,1.8,8572986
093875094-1,"Four Feathers, The",Edan Lowdeane,Science Fiction,Podcat,18.31,2.1,1303073
045429796-3,Forever Hardcore: The Documentary,Gwynne Moughtin,Nonfiction,Quire,47.52,4.8,15157147
737829036-X,Sydney White,Dari Goudy,Romance,Photobug,29.26,1.1,1498169
327522891-9,"Two Jakes, The",Wendall Frodsham,Fantasy,Oyonder,23.86,2,10246886
717551402-6,For Greater Glory: The True Story of Cristiada,Cristiano Bliben,Romance,Rhyloo,24.61,0.8,7199165
365426886-2,The Lazarus Effect,Carmelle Warham,Nonfiction,Mydeo,36.05,4.6,11670990
477731396-4,Convoy,Rockey MacRory,Thriller,Trilia,9.78,2,10654103
176560147-9,Brainstorm (Bicho de Sete Cabeças),Marian Redihalgh,Romance,Rhyloo,29.68,2.6,7198805
853331366-7,Riding in Cars with Boys,Konstanze Birkby,Romance,Eabox,34.27,1.7,16242712
984257677-9,Trailer Park Boys: Live at the North Pole,Clarie Laxon,Fantasy,Realmix,7,0.5,4379850
976596436-6,Livid (Livide),Ana Cuzen,Romance,Mycat,44.57,0.4,9262539
124111373-4,Dead Man's Bluff,Annie Blazynski,Historical,Fivespan,30.63,0.3,19486655
759720096-X,"Brothers Solomon, The",Charita Dillaway,Nonfiction,Youbridge,26.34,2.7,6101677
437559513-2,"Brothers Grimm, The",Erny Allawy,Mystery,Edgeify,1.8,1.3,13131311
545247074-3,The Last Journey,Adrienne Feldstein,Fantasy,Demimbu,35.29,1.2,1812174
385122747-6,From Beyond,Barnabe Heighton,Nonfiction,Yambee,9.92,0.4,9067515
804646997-1,Ride the Divide,Rabbi Balducci,Historical,Jabbersphere,47.8,0.4,14690015
686511961-4,Project Wild Thing,Hannis Bestman,Thriller,Dabvine,33.25,1.8,17221105
248851876-X,"Syrian Bride, The",Ceil Lowthorpe,Romance,Zooxo,27.92,2.2,13410154
542059292-4,"Chorus, The (Choristes, Les)",Ariel Ravilious,Romance,Topiczoom,42.31,4.8,19688083
776201392-X,Extreme Justice,Gerhard Spurritt,Science Fiction,Skidoo,45.25,2.3,2924589
171765481-9,"Buy the Ticket, Take the Ride: Hunter S. Thompson on Film",Auberta Reeday,Thriller,Skyba,5.54,4.3,3334249
523343090-8,Chasing Liberty,Roxie Raxworthy,Science Fiction,Kimia,14.5,3.1,8748002
314183820-8,Pale Cocoon (Peiru Kokun),Livia Meers,Fantasy,Tagopia,29.62,2.3,9367675
862497359-7,Alligator,Debee McEneny,Science Fiction,Voomm,13.82,2.8,3395538
680713586-6,New York Doll,Lisha Escritt,Historical,Buzzdog,20.38,4.3,10234782
637709921-5,Frankenweenie,Caresse Feben,Mystery,Skalith,18.85,2.1,2908415
413508690-X,Cookers,Bathsheba Kippax,Mystery,Mybuzz,32.58,1.1,19269742
951517685-9,The Care Bears Adventure in Wonderland,Lynnell Groundwator,Historical,Twitternation,2.51,0.4,16658612
436872614-6,Kabei: Our Mother (Kâbê),Tarrance Babbe,Thriller,Digitube,3.94,1.8,10778361
915499887-5,Price Check,Darcey Fettiplace,Mystery,Jaxnation,24.84,0.8,6849591
573218875-4,In the City (En la ciudad),Wilow Jakobssen,Nonfiction,Latz,35.86,4.1,7334547
315798389-X,Barabbas,Tad Loverock,Mystery,Geba,24.18,4.5,1520680
083831061-3,The Forgotten Faces,Darren Wethers,Romance,Meezzy,34.66,4.7,17216810
369396659-1,A True Mob Story,Stephanie Sherlock,Nonfiction,Centidel,18.56,1.4,12672849
730323406-3,Orderers (Les ordres),Harland McCheyne,Science Fiction,Npath,18.16,4.8,18717362
892634508-4,Moog,Elysha Arthars,Fantasy,Trupe,10.67,2.9,12986154
880741735-9,Warrior of the Lost World,Kellina Goold,Thriller,Kwideo,6.81,2.5,6867601
503009543-8,Crimson Tide,Joyann Oaker,Historical,Youfeed,6.77,3.3,8557814
303275678-2,"Acadia Acadia?!? (L'acadie, l'Acadie)",Chickie Wasielewicz,Thriller,Camimbo,40.56,1.8,1168818
204718846-6,I Belong (Som du ser meg),Franky Pregel,Historical,Zoombeat,25.72,3.4,8455192
766275628-9,Hell's Hinges,Amos Munnings,Nonfiction,Rhynyx,32.28,4.7,3867327
481209501-8,Blood from the Mummy's Tomb,Maynard Burroughes,Nonfiction,Zoovu,46.85,0.1,7585519
081069421-2,Sarafina!,Anabelle Bothram,Thriller,Twiyo,37.79,2.7,2452995
901560765-6,House Party: Tonight's the Night,Colas Hillyatt,Fantasy,Twimm,20.97,3.3,18824078
937698800-0,"Hurricane Express, The",Titos Whannel,Nonfiction,Vipe,28.94,1.9,9217507
869727115-0,Tales of Terror,Morgun Ferrelli,Thriller,Kazu,35.95,3.7,15954577
834499001-7,Hurlyburly,Wolf Le Prevost,Mystery,Roomm,6.03,3.7,17790221
392252563-6,"Thompsons, The",Al Cuerda,Historical,Browsezoom,5.37,5,16801645
559592993-6,Rules of Engagement,Tove Della,Historical,Mynte,17.85,0.8,4464378
233380590-0,The Little Death,Adan Elham,Historical,Photobug,48.57,4.3,5611990
217337489-3,Bill Burr: I'm Sorry You Feel That Way,Yancy Alwen,Nonfiction,Buzzbean,35.57,2.6,11221309
035581953-8,Lust for Gold,Knox Zanelli,Historical,Demimbu,37.18,3.4,16704050
979284390-6,Dr. No,Lucilia McBain,Thriller,Flashset,39.57,4.9,10028849
364879233-4,"Band Called Death, A",Katerina Gurnay,Fantasy,Flashdog,21.58,1.1,14640486
314126062-1,Beneath the Valley of the Ultra-Vixens,Clevey Casassa,Thriller,Jabberstorm,7.21,4,14532476
900212665-4,Giorgino,Lula Rundall,Thriller,Skyba,20.44,1.8,11114920
133319905-8,"Best and the Brightest, The",Farrand Sibthorpe,Romance,Bubbletube,47.1,3.3,4593740
795350238-0,Loaded,Turner Cathrae,Fantasy,Jaxnation,10.58,4.7,6656156
837207795-9,Creep,Neville Barthelmes,Nonfiction,Bluejam,30.69,4.2,1439836
952006486-9,Fabled,Raynor Lansberry,Science Fiction,Oloo,31.66,2.9,17196144
275168392-4,"Deathmaker, The (Totmacher, Der)",Ruddie Brazil,Nonfiction,Oyondu,34.14,4.7,16705660
840515107-9,Run for Cover,Leonora Henric,Fantasy,Agivu,19.46,1.1,6384714
415333641-6,"Tale of Princess Kaguya, The (Kaguyahime no monogatari)",Huberto Smallwood,Mystery,Jatri,34.65,3.9,2856324
287305303-8,Mimic,Ava Martinez,Historical,Edgewire,16.86,0.6,4633989
379308339-X,"Fifth Estate, The",Shellie Adriaens,Nonfiction,Browsezoom,5.95,1.7,304107
287663291-8,Lupin the 3rd,Colly Dotterill,Historical,InnoZ,2.31,4,16274593
431100055-3,"Bad News Bears Go to Japan, The",Janel Coggles,Science Fiction,Topdrive,11.88,3.3,12137761
445860801-0,"Love, Honour and Obey",Bail Alfonsetti,Thriller,Mybuzz,21.1,1.6,19094569
517425223-9,Transformers: Revenge of the Fallen,Orran Noulton,Science Fiction,Twiyo,30.82,0.4,10766872
090985316-9,"Samouraï, Le (Godson, The)",Basilio Leather,Romance,Twitterbeat,30.91,1.7,11264764
958407318-4,"Bench, The (Bænken)",Mel Pohlak,Mystery,Jabberbean,16.99,2,1027517
381891641-1,Captive Women (1000 Years from Now) (3000 A.D.),Edvard Edelman,Thriller,Browsecat,16.14,4.5,1110029
724800065-5,Into the Abyss,Even Meese,Romance,Miboo,2.84,3.6,8950530
846413150-X,"Cardinal, The",Marvin Rosewall,Science Fiction,Zoonoodle,44.82,1.8,8852908
171028663-6,"One I Love, The",Carce Seelbach,Thriller,Lazzy,32.47,0.1,835179
382888845-3,Afterschool,Anabella Ritelli,Romance,Twinder,4.82,2.4,6271508
502526527-4,"Ghost and Mr. Chicken, The",Ky Hixson,Mystery,Livepath,13.64,3.7,15749659
443784734-2,"Rebel, The (Le Rebelle)",Nerissa Ibbott,Mystery,Zoozzy,18.75,3.4,1859314
370398050-8,"Wasp Woman, The",Anatol McAuliffe,Science Fiction,LiveZ,20.52,2.6,15295225
669614762-4,Salvatore Giuliano,Elvis Tibbetts,Science Fiction,Thoughtbeat,46.27,3.4,12957627
434377523-2,One Last Hug,Tremain Pomfret,Science Fiction,Riffpedia,13.17,3.9,10727535
672074352-X,American Kickboxer 2 (American Kickboxer 2: To the Death),Arliene Patty,Romance,Aivee,39.97,0.3,15481006
947527788-9,Spies (Spione),Steffi Meriton,Historical,Edgepulse,29.58,1.8,14790279
324832948-3,Timerider: The Adventure of Lyle Swann,Reginald Addams,Mystery,Gigazoom,25.87,3.9,11684644
127804006-4,Make Way for Tomorrow,Brew MacFadzan,Thriller,Voomm,7.69,4.7,6110798
057652369-0,Bubba Ho-tep,Powell Lansdowne,Mystery,Flashpoint,34.32,1.6,9877039
840839525-4,Bride of the Wind,Pauly Payle,Thriller,Roodel,38.4,0.5,18855519
485296494-7,Nazareno Cruz and the Wolf,Leigh Rieme,Thriller,Photobean,46.61,3,172773
198266589-0,"Warlords, The (Tau ming chong)",Dimitry Keepe,Fantasy,Buzzdog,42.28,3.6,10765844
600435291-8,Call Me Savage,Nydia Roskelley,Nonfiction,Skiba,46.85,4.8,839398
131799563-5,Blood Games ,Spike Ravenhills,Mystery,Thoughtstorm,41.12,3.5,11064502
388840395-2,"Misérables, Les",Ethan Prettyjohn,Historical,Babbleblab,48.6,3,16611059
773766257-X,Zone 39,Carilyn Attard,Nonfiction,Blogtag,24.93,2.5,2501949
097879086-3,All the Boys Love Mandy Lane,Traver Riseborough,Thriller,Yoveo,2.92,1.9,8034953
844690509-4,City Streets,Benson Fleis,Romance,Jabbersphere,49.38,1.7,17154477
569090468-6,Praying with Lior,Halimeda Mityukov,Nonfiction,Realcube,39.93,0.8,2930487
937241406-9,Catfish,Pail Look,Historical,Fivebridge,33.84,1.7,8994581
450855188-2,Legends of the Fall,Darren Giacomuzzi,Historical,Browsebug,18.93,2,5933420
513149920-8,"Late George Apley, The",Cletis Allport,Nonfiction,Jaloo,42.04,4.1,16469010
853167735-1,"Fat, Sick & Nearly Dead",Esta Derle,Science Fiction,Cogidoo,48.39,2.7,8871772
086894349-5,Terminal Velocity,Alysia Clewlowe,Mystery,Kimia,23.65,2.9,13923005
858650638-9,My Own Private Idaho,Sharlene Hebard,Fantasy,Twitterbeat,29.23,0.7,11467671
656416805-5,Out of the Clear Blue Sky,Dreddy Ducker,Historical,Rhycero,34.41,4.3,9690076
617427749-6,Alabama Moon,Blondelle Giorgi,Science Fiction,Roomm,31.02,2.3,14319188
839038982-7,Powder Blue,Elisa Churching,Nonfiction,Ainyx,1.19,0.8,16235258
753311877-4,Fanfan la Tulipe (Fan-Fan the Tulip),Packston Hintzer,Thriller,Yacero,11.58,3.6,8416414
465189984-6,The Black Devil,Noel Farre,Thriller,Edgeblab,21.78,3.2,18261727
671864987-2,Loaf and Camouflage,Nadine Gredden,Science Fiction,Bubblebox,42.38,3.7,10786977
180948926-1,American Reunion (American Pie 4),Blithe Shiels,Mystery,Pixonyx,21.14,3.6,6898310
159394270-2,"Lake, A (Un lac)",Robert Friedman,Fantasy,Jabbersphere,1.53,1,16859486
745420237-3,Irina Palm,Alfonso Phebee,Romance,Tazz,46.14,2.3,14357496
470472410-7,Uwasa No Onna (The Woman in the Rumor) (Her Mother's Profession),Ruthie Andrez,Thriller,Yoveo,49.87,4.7,16868868
024551729-4,All Night Long,May Juppe,Science Fiction,Einti,14.45,1.8,5666242
904640959-7,Trailer Park Boys: The Movie,Garv Arkil,Mystery,Meetz,48.62,4,11095121
225447392-1,My Neighbors the Yamadas (Hôhokekyo tonari no Yamada-kun),Addison Danes,Historical,Realcube,1.7,4.4,11713957
276567098-6,Phantasm III: Lord of the Dead,Dominick Dionisetti,Thriller,Twitterlist,7.64,0.9,18537612
596688909-0,Evil Dead,Tanhya Clutram,Romance,Bubbletube,42.47,2.7,16149565
752317949-5,Life as a House,Amabel Kilius,Nonfiction,Fadeo,36.22,2.5,11037984
168921723-5,"Woman in the Fifth, The (Femme du Vème, La)",Boonie Giametti,Historical,Janyx,46.55,3.8,16288096
596754013-X,Election,Gwendolen McKinley,Fantasy,Gabcube,9.49,4.1,8624877
211074737-4,Birdwatchers (BirdWatchers - La terra degli uomini rossi),Jewelle Oldaker,Fantasy,Buzzdog,2.55,1.1,8046539
070347794-3,King Boxer: Five Fingers of Death (Tian xia di yi quan),Janna Ilchenko,Science Fiction,Muxo,32.96,0.4,12153631
815961559-0,Left Luggage,Isahella Costi,Fantasy,Babbleopia,41.58,2.2,17803692
956277235-7,Manufacturing Consent: Noam Chomsky and the Media,Brennen Sprasen,Science Fiction,Quaxo,36.48,3.6,15531526
290148503-0,Breath (Soom),Gladi Waumsley,Mystery,Reallinks,38.38,0.9,5709605
335923431-6,"Hell of a Day, A (Reines d'un jour)",Arie Casetta,Romance,Linktype,17.21,2,17720291
060030042-0,Those Magnificent Men in Their Flying Machines,Keefe Grunson,Romance,Skyba,9.43,3.5,3860099
230245685-8,Evangelion: 1.0 You Are (Not) Alone (Evangerion shin gekijôban: Jo),Carolin Dell'Abbate,Historical,Jayo,32.21,1.1,7597582
606139907-3,Nothing Sacred,Grenville Judge,Nonfiction,Skynoodle,22.15,3.6,5015095
998558524-0,"Architect, The",Donetta Dzeniskevich,Romance,Mynte,17.25,4.9,1486202
654641376-0,8 ½ Women (a.k.a. 8 1/2 Women) (a.k.a. Eight and a Half Women),Guilbert Bull,Nonfiction,Trilia,30.19,4.7,12727934
160997011-X,Drums Along the Mohawk,Hortense O' Dooley,Science Fiction,DabZ,47.85,0.9,18440719
478183007-2,"Atlantis, the Lost Continent",Arch Fielder,Fantasy,Kaymbo,24.91,4.8,4785767
183517999-1,The Case of the Curious Bride,Kienan Braunroth,Thriller,Flashset,19.91,0.4,1715384
014863228-9,"Story of Luke, The",Krissy Dearlove,Nonfiction,Zava,32.44,3.3,14775485
296448545-3,Legend of the Fist: The Return of Chen Zhen (Jing wu feng yun: Chen Zhen),Amie Driscoll,Mystery,Bubbletube,25.49,3.3,1601463
801717693-7,Head Games,Dorena Gartsyde,Mystery,Lazzy,2.98,3.3,8343535
552365556-2,Tyler Perry's Madea's Big Happy Family,Marthena Spanton,Science Fiction,Bubbletube,19.58,1.8,13616933
035085993-0,Sugar,Earvin Southwell,Thriller,Meedoo,2.91,2.5,3992169
410230237-9,Funny Farm,Diane-marie Phalp,Historical,Kimia,16,4.5,863054
216808611-7,Dangerous Game,Nap Digle,Science Fiction,Tagfeed,14.93,3.7,12399722
859995331-1,"I, Madman",Oswald Borles,Mystery,Twimm,35.59,0.5,19158758
592631570-0,Guy,Vyky Cordero,Science Fiction,Dablist,11.5,4.5,17548479
461520550-3,"River, The",Alexis Heinle,Mystery,Lazzy,34.98,2.5,383817
126310587-4,Kitty,Kele Weber,Nonfiction,Oyondu,30.29,3,17925003
479652034-1,"Miracle of Morgan's Creek, The",Davina Billo,Thriller,Izio,10.52,4.2,642489
791021039-6,"House of Small Cubes, The (Tsumiki no ie)",Alleen Bigg,Fantasy,Skinte,37.65,1.1,7498811
727282362-3,Saving Silverman (Evil Woman),Franz Linsay,Nonfiction,Ntag,25.06,2.5,8448727
323927850-2,Goodbye Pork Pie,Artus Beames,Fantasy,Photojam,4.48,4.8,14093096
723907315-7,How Stella Got Her Groove Back,Lonni Dunphie,Nonfiction,Mita,25.25,1.8,5724706
555793621-1,Iceman,Marrissa Turford,Historical,Photojam,46.41,2.4,8003088
659324823-1,Spin (You Are Here),Daffi Camelli,Mystery,Rhybox,1.99,2.1,18041004
576541509-1,Before the Revolution (Prima della rivoluzione),Ashla Langlois,Historical,Quinu,24.97,3.3,3755330
783647735-5,White Fang 2: Myth of the White Wolf,Alaster Blatchford,Historical,Topicblab,47.43,1.7,6414340
333444604-2,10.5: Apocalypse,Caritta Coetzee,Nonfiction,Mymm,25.64,0.8,11562721
546043779-2,The Four Feathers,Currey Wastie,Science Fiction,Skimia,39.18,1.9,3675476
610041227-6,Zulu,Binky Zambonini,Fantasy,Voonder,7.37,0.8,12881434
935631960-X,Lonelyhearts,Goldy Woodfine,Romance,Brainbox,10.54,3,15553915
656989906-6,Casanova '70,Harlie Knotton,Nonfiction,Yodoo,31.29,2,14264212
992385602-X,Lucky Luke: The Ballad of the Daltons,Jerrine Hellard,Mystery,Ooba,49.92,0.6,4996812
553605812-6,Cheerleader Massacre,Brianna Stribling,Romance,Thoughtstorm,18.35,0.1,11464069
030743891-0,Magical Mystery Tour,Elvyn Pomfrett,Fantasy,Bubblemix,9.61,4,1039514
052067790-0,Interview with a Hitman,Betsy Smuth,Nonfiction,Yabox,47.77,1.8,18518815
554549930-X,"World of Kanako, The (Kawaki.)",Barney McMahon,Science Fiction,Devpulse,46.31,0.6,7651574
546858233-3,Andrew Dice Clay: Indestructible,Breena Bromidge,Thriller,Miboo,8.12,1.1,3134223
190824240-X,Quills,Terza Fluger,Science Fiction,Devcast,30.67,5,11036503
936541963-8,"Paramore Live, the Final Riot!",Francoise Beagen,Historical,BlogXS,32.38,0.5,1127851
850859116-0,Expelled: No Intelligence Allowed,Jodee Sillis,Mystery,Agimba,28.53,0.5,4170231
570282514-4,"House on Sorority Row, The",Forbes Mulles,Fantasy,Yakitri,21.7,4.4,261156
638039089-8,Attack of the 50 Foot Woman,Alfy Kenrack,Romance,Rhynyx,43.11,2.1,14757746
359450787-4,100 Years at the Movies,Juliette Stuchberry,Mystery,Oyope,21.34,3.4,15723721
696995757-8,Sex Drive,Loren Curro,Thriller,Agivu,25.54,3.4,5483032
991067311-8,Daddy Day Care,Egbert Coplestone,Nonfiction,Linkbridge,18.98,0.5,9917516
981459222-6,Bitter Victory,Dur McNysche,Science Fiction,Skippad,2.97,4,17824697
126711496-7,"Emerald Forest, The",Gareth Wallsam,Thriller,Jatri,21.89,0.5,1808044
072396148-4,Leningrad Cowboys Meet Moses,Harbert Drillingcourt,Science Fiction,Mita,25.28,0.8,5466246
093207968-7,51,Bev Tomek,Thriller,Babblestorm,35.15,2.5,2544704
414231445-9,F/X,Erich Lapworth,Mystery,Feedfire,29.11,1.5,16565026
048555576-X,Dear Frankie,Cahra Houndsom,Thriller,Voolith,48.3,2.3,1995747
698641329-7,Babar The Movie,Massimo Costelloe,Nonfiction,Tagchat,41.22,2.7,839424
473107240-9,Persuasion,Cointon Purver,Thriller,Mydeo,4.1,1.7,11061098
605070326-4,Blue,Allianora Crossgrove,Thriller,Tagcat,41.53,2.8,8544900
173691433-2,Mobsters,Federica Giotto,Mystery,Jayo,1.6,1.6,16962554
041969689-X,SS Experiment Love Camp (Lager SSadis Kastrat Kommandantur),Tresa Childes,Fantasy,Jaxspan,1.78,2,12388347
689978226-X,Little Men,Hollyanne Chapell,Thriller,Miboo,38.37,0.1,19449629
321431722-9,Who Is Harry Nilsson (And Why Is Everybody Talkin' About Him?),Filip Purcell,Romance,Zoomlounge,25.09,1,1956414
910854412-3,Shouting Fire: Stories from the Edge of Free Speech,Athene Mechan,Nonfiction,Gabtune,29.76,4.9,184861
985442077-9,Meetin' WA,Annis Maltster,Thriller,Leenti,17.67,1.6,15723401
399591172-2,Fido,Laetitia Pailin,Science Fiction,Dabjam,10.37,3.4,2255002
355248388-8,"Hour of the Furnaces, The (Hora de los hornos, La)",Cristian Siddons,Historical,Eamia,18.88,0.2,1070080
611291379-8,"Adventures of Priscilla, Queen of the Desert, The",Fidelity Guichard,Fantasy,Twitterworks,37.63,3.8,928866
401837171-3,Pop Redemption,Tedie Langstone,Nonfiction,Fivechat,41.02,2.2,10412204
739001616-7,One Step Ahead of My Shadow,Ethelbert Ballintyne,Fantasy,Skibox,40.63,1.2,11207317
315943259-9,Edges of the Lord,Alexine Ludgrove,Historical,Babbleset,7.77,2.1,7396672
946844789-8,"Theory of Flight, The",Nowell Jeskin,Mystery,Skippad,49.11,3.3,17261423
915883743-4,"Kid in King Arthur's Court, A",Maxie Simpkiss,Science Fiction,Voonix,47.39,3.7,12621944
217734218-X,Osmosis (Osmose),Gretna Brinkley,Nonfiction,Skiptube,5.37,1.8,6278081
441872071-5,Bringing Out the Dead,Melisent Withringten,Thriller,Tanoodle,17.45,0.4,2478463
051274302-9,"Strayed (égarés, Les)",Margalo Romanski,Historical,Twimm,18.7,2.4,17030293
155534019-9,Asterix and the Vikings (Astérix et les Vikings),Corabelle Canape,Romance,Pixoboo,2.33,2.3,5710718
984222569-0,Xtro,Leighton Boulde,Science Fiction,Tekfly,1.87,2.8,16797619
739204619-5,Taxi 2,Muffin Folomkin,Thriller,Edgetag,13.76,1.9,15324221
100096851-0,Adjust Your Tracking,Harvey Isbell,Mystery,Quimm,29.64,4.3,59575
278282784-7,Yankee Zulu,Matthew Drei,Historical,Ailane,4.86,2.5,6697237
354251238-9,"Best of Everything, The",Suki O'Kerin,Science Fiction,Pixoboo,28.7,0.5,17184030
917227981-8,Trois,Erie Norvill,Thriller,Avamm,2.12,0,13115306
122844062-X,Electroma,Jacky Wann,Romance,Centimia,33.85,2.4,8254663
287183828-3,Anaconda,Celine Robichon,Nonfiction,Twinte,31.19,0.5,11887563
953469616-1,Free Range (Ballaad maailma heakskiitmisest),Gardener Franks,Thriller,Youfeed,9.96,3.3,1655591
584902220-1,"Carry On, Constable",Shaylah Goosey,Romance,Blogspan,40.87,0.6,18633103
079424307-X,Mixed Nuts,Sella Floyd,Science Fiction,Avavee,27.56,1.2,5763241
731080377-9,Barcelona,Godfree Carryer,Historical,Tanoodle,29.55,3.2,15074869
562742985-2,"Flesh Merchant, The (Wild and Wicked, The)",Vince Treadgall,Mystery,Cogibox,4.1,3.5,11331836
266459552-0,Burton and Taylor,Devora Potkins,Nonfiction,Avamm,45.19,2.6,19098564
113970247-5,Ouch (Aïe),Joyous Hughland,Nonfiction,Latz,30.53,3,17970678
196231340-9,Los Angeles Plays Itself,Skipper Tomowicz,Romance,Browsecat,47.61,2.2,10714543
366847792-2,"Last Run, The",Karita Shreve,Science Fiction,Kwilith,45.48,3.1,156204
224494897-8,Murder on a Honeymoon,Franzen MacGeffen,Romance,Meezzy,31.16,0.8,2507095
310839439-8,House of Strangers,Franciska Engel,Mystery,Jamia,32.65,0.1,19392399
507804385-3,Leviathan,Addison Hentze,Nonfiction,Mydeo,42.3,4.8,18062084
658169340-5,Pronto,Elysee Powley,Historical,Eayo,22.05,3.8,19512346
659932402-9,Capone,Kalina Franzini,Thriller,Yambee,14.34,2.4,17642088
946716557-0,True Grit,Nealy Giaomozzo,Mystery,Quimba,35.57,3.7,6937784
910628663-1,King Ralph,Viviene Need,Science Fiction,Realblab,12.69,1.1,6576519
127710313-5,Joe Gould's Secret,Kalina Saull,Thriller,Eamia,3.02,1.9,12228191
516969975-1,Zuzu Angel,Bat Balharry,Fantasy,Browsedrive,8.68,3.2,7342735
704368498-6,"Million Dollar Hotel, The",Danica O'Dyvoie,Thriller,Tagtune,42.7,3.3,135769
542806315-7,"Mark, The",Thedrick Dunbavin,Fantasy,Zoovu,21.5,2.6,17999595
552964084-2,"Gaucho, The",Elita Grouen,Romance,Edgepulse,32.53,4.5,15600852
896435188-6,Barbarella,Willey Rawll,Science Fiction,Livetube,38.11,0.5,14636310
791130434-3,Tere Bin Laden,Rheta Heinecke,Historical,Pixoboo,46.14,0.8,8917484
677280051-6,Missing in Action,Coleman Corstorphine,Fantasy,Vinder,33.58,4.6,9609466
990642418-4,"Last Time, The",Christiano Cantwell,Mystery,Rooxo,28.39,1.4,4601679
900680580-7,Highlander III: The Sorcerer (a.k.a. Highlander: The Final Dimension),Brynn Cloutt,Mystery,Geba,44.62,3.4,11491101
865290068-X,Pandora's Promise,Julina Ayres,Mystery,Tagfeed,33.87,2.3,4546694
711529549-2,"Welcome Home, Roxy Carmichael",Dyanna Diche,Fantasy,Tagchat,11.05,3.8,17050688
932711688-7,42nd Street,Irving Addekin,Mystery,Realmix,12.29,3.1,16940487
030559881-3,King of Beggars (Mo jong yuen So Hat-Yi),Ally Wakerley,Nonfiction,Eabox,49.21,0.8,13416004
298504453-7,Gainsbourg (Vie Héroïque),Melva Eringey,Science Fiction,Oodoo,46.77,2.7,9342011
676391001-0,Into the Storm,Wadsworth Emmert,Mystery,Livetube,8.65,3.1,14014611
176159847-3,Bikini Summer,Papagena Janku,Historical,Meevee,48.07,2.6,9138206
329470646-4,The Amazing Catfish,Carey Slinger,Romance,Topiclounge,7.35,1.4,11771049
248040774-8,JFK,Dar Southworth,Mystery,Livetube,29.95,0.4,15216937
605621263-7,Hollywood Shuffle,Joann Campione,Science Fiction,Twitternation,4.84,4.2,14517198
400477574-4,Barbie: A Fashion Fairytale,Yance Ortega,Science Fiction,Jayo,49.1,4.4,13323186
979657859-X,Herbie Goes Bananas,Avrom Scorer,Mystery,Skinte,14.42,2.9,5016644
401614217-2,"Live and Become (Va, vis et deviens)",Eugenius Yukhnini,Science Fiction,Edgepulse,16.4,0.8,8955318
717707414-7,Saps at Sea,Gabriella Fitchew,Science Fiction,Twimbo,36.29,4.2,17993870
127287710-8,42 Up,Zonnya Korn,Mystery,Eabox,46.27,1.8,3229942
314491448-7,"Film with Me in It, A",Wilie Trail,Fantasy,Avaveo,46.81,0.1,10903711
375937331-3,Soulless,Wood Jeandeau,Nonfiction,Divavu,10.91,3.1,1585644
488598136-0,Visions of Europe,Melody Swinerd,Science Fiction,Chatterbridge,30.51,0.9,4659644
660658786-7,Tom at the Farm (Tom à la ferme),Pet Ogden,Thriller,Zoombox,34.51,3.1,4148880
515259909-0,"West Point Story, The",Reba Pencot,Thriller,Photobean,6.29,1.8,15869809
887238544-X,Band of Brothers,Araldo Gauvin,Thriller,Yata,41.76,5,14427255
215563436-6,What's Love Got to Do with It?,Reuven Kettlesting,Thriller,Yadel,15.34,4.7,10250061
826047550-2,"Rickshaw Man, The (Muhomatsu no issho)",Ulises Henryson,Science Fiction,Twinte,12,2,2636562
485141783-7,Atragon (Kaitei Gunkan),Thia Priver,Fantasy,Devify,6.22,4.4,4599095
135504454-5,24 Hours on Craigslist,Trace Danilchik,Romance,Jetpulse,23.19,2.4,5546069
759976055-5,Bridge to Terabithia,Denys Greeding,Nonfiction,Camimbo,15.17,0.7,318089
008576156-7,"Cage aux Folles, La",Jeanette Maplesden,Romance,Mydeo,3,4,12760837
204276153-2,Fierce Light: When Spirit Meets Action,Raf Perrygo,Nonfiction,Topicshots,6.9,2.5,16305487
863673427-4,"Tomorrow, When the War Began",Yurik Dochon,Mystery,Agivu,32.92,2.5,7323587
988221412-6,"Children, The",Willey Rouge,Fantasy,Brightdog,12.39,4,11538970
200329134-2,"Prize Winner of Defiance Ohio, The",Brenda Gilby,Thriller,Flashpoint,42.17,1,16472766
140239319-9,Draft Day,Arielle Renish,Nonfiction,Myworks,5.2,1.3,2313981
344786148-7,Winnetou: The Last Shot,Nettle Barton,Thriller,Abata,39.87,3.2,13627560
023560977-3,Gone,Leeland Houndson,Romance,Skyvu,1.46,2.6,1554323
772774728-9,Magnificent Warriors (Zhong hua zhan shi),Bowie Shegog,Historical,Edgewire,3.45,4.7,621097
078903255-4,Peggy Sue Got Married,Carlye Matyas,Science Fiction,Skyble,19.35,0.1,5731922
882443440-1,Flamenco (de Carlos Saura),Tisha Wadmore,Thriller,Blogtag,37.11,0.3,12012789
438547991-7,"Fountain, The",Laney Elkin,Mystery,Brainsphere,49.35,3.4,4646462
074725495-8,Sea Wife,Brig Markushkin,Romance,Topicshots,34.99,1.5,17047259
523635878-7,Percy Jackson: Sea of Monsters,Garwood May,Nonfiction,Yadel,3.6,3.5,10035019
075191275-1,"Red Shoes, The (Bunhongsin)",Gayle Amer,Historical,Dynava,34.96,0.2,14777701
785867619-9,Space Is The Place,Carey Sommerly,Romance,Yakidoo,4.21,1.8,17607972
560339916-3,Black & White & Sex,Kerby Ludovico,Science Fiction,Zooveo,43.3,2.8,5645806
109974797-X,Corn Island (Simindis kundzuli),Maurice More,Romance,Zoozzy,47.14,1.6,7031145
